cell,nCounts,nFeatures
AAACAACGAGGCCATC,17455,7748
AAACAACGATAATGCC,10351,4856
AAACACGCTGTCTTGA,11094,5467
AAACATGGAGCCCTTT,10239,5065
AAACCCTGAAAATCGA,822,417
AAACCCTGACCCGAGT,11169,5393
AAACCGTACGCATGAG,5372,2789
AAACGAAACCGTTAGT,16428,7921
AAACGAAACGTTGTCA,11848,5631
AAACGAAACTGTTCCC,9398,4444
AAACGACCTATCATCG,4803,2475
AAACGACCTCGTTCTC,15076,6988
AAACGACCTCTCACGG,13271,6282
AAACGACCTGTTGGTT,18266,8170
AAACGACCTTCGCAGC,7229,3665
AAACGACCTTGACCTA,8921,4454
AAACGCTACGGACAGT,22588,9683
AAACTCCGAAAGGTGC,20338,8980
AAACTCCGACGCCACA,13791,6638
AAACTCCGATACACTG,10459,4982
AAACTCTCTCGCAAAG,1692,900
AAACTCTCTGTTGACT,18991,8404
AAAGACTGACGACATT,7373,3698
AAAGACTGATTCTGGA,12909,6191
AAAGATCGACAGGTGA,15464,7031
AAAGATCGATAAGTAG,8104,4108
AAAGCATGATTCGCCT,9420,4470
AAAGCCTTGTGATGAA,20062,9409
AAAGGATACTGGTCCG,22086,9718
AAAGGGAGAATCCTCC,4957,2490
AAAGGGAGAGCGCTGT,39525,15004
AAAGTCAGAAGCGCTC,11385,5329
AAAGTCAGATAACGGG,6930,3395
AAATAGCGAGCTTCGG,5190,2655
AAATAGCGATGCGTGC,22743,10009
AAATAGGACCCCGCAA,9728,4765
AAATAGGTGAAGTTAG,12164,5590
AAATAGGTGCGATGTT,21619,9645
AAATAGGTGGGGTAGT,12254,5859
AAATAGGTGTGGTCCG,14144,6756
AAATGCCTGCGTGCAC,3369,1752
AACAATGGAACCGTGC,8476,4138
AACAATGGAATACGCT,11335,5236
AACAATGGACCGCAGT,16046,7148
AACAATGGACGGCTCA,11814,5709
AACAATGGATATCTGG,10048,4922
AACACACACAGCCATT,9244,4509
AACACACACATAACCC,7539,3789
AACACTCGAAGTGAGC,9822,5083
AACACTCGACCAGCTG,15090,7015
AACACTCGAGCACCCA,20500,9321
AACACTCGATCGCTAA,8490,4337
AACACTGACAATCGCT,24372,10784
AACACTGACATCCTCC,20055,9241
AACACTGACTGCTTGA,6396,3224
AACAGCTACAGGACCA,990,499
AACAGCTACCATGATC,13446,6447
AACAGCTACCCAGCTG,4658,2335
AACAGCTACCGACAAG,9871,4780
AACAGCTACTGCATGT,15826,7250
AACATCCGACCTACGG,15985,7505
AACATCCGACGTACAT,9707,4380
AACATCCGAGTTAGAA,13294,6074
AACCAACACGATTAAG,16964,7835
AACCACTGAGCTCTTC,14135,6639
AACCACTGATAACTCG,8809,4439
AACCCTCACTTGTACG,9507,4675
AACCGCTCTAAGGCTG,6647,3347
AACCGCTCTGACTCGC,17896,8317
AACCGCTCTGCAGTTT,19843,9393
AACCGGCACACGTGCC,10127,4858
AACCGGCACAGTTGAA,12469,5753
AACGAACCTGCCACGT,7071,3542
AACGAACCTTTGACCA,821,412
AACGAGGTGGCCCTAG,5520,2757
AACGCGAGAATCAGGG,12295,5901
AACGCGAGACAGCTGC,41718,16145
AACGTAGCTGTTAGAA,9729,4740
AACGTCCCTCTTAGTG,12250,5963
AACTACGACAACGTTC,12687,5791
AACTACGACTCGACAT,9968,4853
AACTAGCACCGGGTAA,9780,4768
AACTAGCACGCGCTGT,8300,3932
AACTCCCTGCCGCAGT,8343,4181
AACTCCCTGCGAAAGC,8401,4135
AACTCCCTGGGAATTA,7675,3677
AACTCGATGGTACTAC,21522,9769
AACTTACCTTTTGTCT,4823,2478
AAGAAACACATAGGTA,5388,2712
AAGAAACACGGCCAAA,5081,2586
AAGAAACACGGCCTTG,10597,5175
AAGAAACACTCATGCA,4788,2477
AAGAAACACTGACTCA,9373,4536
AAGAACCCTCCACATA,11154,5362
AAGAACCCTGGGTTCC,6143,3140
AAGACAAACCTTCAAG,7708,3776
AAGACAAACGAACCTT,6151,3131
AAGACAAACGTTGGTT,8814,4412
AAGACGGTGTAATAGG,8923,4195
AAGACGGTGTTCGCAA,7533,3734
AAGAGAGGACATACTG,9755,4775
AAGAGAGGAGAAGTTA,9172,4446
AAGATCAGACGGCTCA,13024,6213
AAGATCAGATATCTGG,8010,4010
AAGCATCACGGCAGTA,3344,1690
AAGCATCACTGGCAAG,7316,3651
AAGCCATTGTCGTACA,12434,5907
AAGCCTAACGAATTGA,10728,5416
AAGCCTAACTTCTGAG,6608,3337
AAGCGCCACGGGACTA,15959,7414
AAGCGTGGATGTTCCC,19845,9029
AAGGCTTACAAGGCTG,8598,4264
AAGGCTTACCTTTGTT,18761,8772
AAGGCTTACTGTCACA,12315,6007
AAGGCTTACTTCGCAA,9431,4611
AAGGGCATGAGGTCCC,32568,13502
AAGGGCATGCGGTTTA,13552,6424
AAGGTAATGCCAGCTG,10524,5052
AAGGTAATGGCTCTTC,15019,6994
AAGGTGCGACGAGGTA,10659,5193
AAGTACCACAAGGCTG,8219,4034
AAGTACCACGGTGCAA,23115,10412
AAGTCTTCTTTCCATT,2618,1364
AAGTGACCTCCAGGCT,11038,5330
AAGTGACCTGCTCCTT,11389,5457
AAGTGACCTTCTGTAG,15548,6894
AAGTGACCTTGACTCA,12217,5604
AAGTGCTTGAACGTGG,14576,7048
AAGTGCTTGGGGTAGT,13973,6585
AAGTTTCCTGGCATTT,11502,5587
AATAAGGACCTCACGG,5311,2658
AATAAGGACGGGACTA,11905,5562
AATAAGGACGTCCCAG,5482,2762
AATAGGAACATGGCCC,5972,2980
AATAGGAACGAATTGA,12785,6147
AATCACCGAAGCGCTC,11224,5484
AATCAGCTGATTAAGG,9958,4709
AATCCAGACTACGATC,6880,3405
AATCGGACTTCATTGG,1810,922
AATCGGACTTTACGAC,6412,3211
AATCTCTTGGCTGGCT,12176,5853
AATCTCTTGTGAACAA,7513,3752
AATCTGCGACAGCACC,4246,2206
AATGATGGACATTCAG,11398,5363
AATGATGGAGCGGTAA,19095,8187
AATGGTGCTGCCGCTA,22080,9626
AATGGTGCTTGTTCCC,11756,5588
AATGGTGCTTTACGAC,6699,3371
AATGTGCACCCATGTA,5747,2980
AATGTGCACCTGATCA,6979,3435
AATGTGCACGGACACA,6466,3256
AATTACCCTGTCCCGA,11207,5295
AATTCGGTGTAAGCAA,1071,558
AATTCGGTGTGGCATT,1301,645
AATTCTGCTACGAGCA,7379,3575
AATTCTGCTGAAGGCT,8700,4300
AATTGCCGACGGGTAA,4207,2097
ACAAAGAACCGTTATG,11280,5309
ACAAAGAACTGGTGAG,5788,2731
ACAAGACCTACCTAGT,7140,3495
ACAAGACCTATGGCCC,1529,782
ACAAGACCTCGATGGA,23425,10139
ACAAGACCTTGATCAC,4665,2399
ACAATGCACCATGCAT,807,407
ACAATGCACGACACCC,16376,7505
ACAATGCACTGCAAGG,12429,5948
ACACACTGACCTCGTT,9291,4518
ACACGTTGATGGGCCT,16693,7499
ACACTCCACCTACTCC,6150,3041
ACACTCCACGAATAAC,11488,5625
ACACTCCACTTTCCGC,6092,3034
ACACTGCCTAAACTGA,13933,6444
ACAGACTACTCTTTGT,9005,4440
ACAGACTTGAAGTCTC,5617,2712
ACAGACTTGACAACAA,14615,7064
ACAGACTTGCGAGTGA,5866,2980
ACAGACTTGCGGAAGT,5221,2543
ACAGCCGACGAATTGA,1616,824
ACAGCCGACGGTGCAA,7409,3576
ACAGCGGCTGTTCTCC,5509,2823
ACAGTCATGTCATTTC,2080,1060
ACAGTCATGTGGCTTA,11338,5496
ACAGTTGACGCAGGAT,11944,5537
ACATGTGTGTACCAAC,25742,11448
ACATGTGTGTTACGAC,4669,2411
ACCAATGACATGTCCA,12751,6163
ACCCGAGACCGAAGCA,2479,1301
ACCCGAGACGCAGTTT,12242,5853
ACCCGAGACTGCACCG,676,345
ACCCTTGTGGCTGGCT,13457,6575
ACCCTTGTGTGCTACA,23115,10349
ACCCTTGTGTGTTGTG,18243,8139
ACCCTTTCTAAGTCTC,8495,4172
ACCCTTTCTCGACTAT,14879,6813
ACCCTTTCTGGGACTA,9475,4655
ACCGGAGCTAACCAAA,7573,3714
ACCGGAGCTGCATGAG,668,347
ACCGGAGCTTACCTGA,6661,3344
ACCGGCTGAGAATTGA,2888,1519
ACCGGCTGAGATAGCG,4864,2651
ACCGGCTGAGGAATGC,1650,873
ACCGTGTCTAATAGCA,7035,3614
ACCGTGTCTCTGATCA,10804,5387
ACCTAGTGACCAGCAC,8258,4077
ACCTATGGACAGCTGC,10668,4940
ACCTCACACTCGACAT,3052,1516
ACCTCAGCTAAACTGA,11312,5255
ACCTCAGCTAATCGCT,6365,3190
ACCTCAGCTAGCAAGC,8314,4135
ACCTCAGCTGGAATAT,12614,6077
ACCTCAGCTGTCTTGA,9651,4653
ACCTCCAACGAAGGTC,9736,4747
ACCTCCAACGATCATC,18425,8267
ACCTCCATGTCTATCT,11106,5150
ACCTCGTTGCCTAGTA,19259,8582
ACCTCGTTGGTCCCAG,7240,3571
ACCTCGTTGTTCGGGC,6637,3337
ACCTGCTTGCGAAAGC,6671,3320
ACCTGCTTGCGGTACC,14037,6565
ACCTGCTTGGGAATAT,18074,8367
ACGAACTTGATGGCCC,9673,4842
ACGAACTTGCAGGGTA,4069,2035
ACGACGCTGCGATGTT,7260,3556
ACGACGCTGCTGATCA,20126,9108
ACGAGGATGCGGTTGC,4533,2305
ACGAGGATGGGAATAT,807,413
ACGAGGCCTCCGCTAG,7579,3694
ACGAGGCCTGTCTTGA,17598,8087
ACGAGGCCTGTTCTCC,2325,1172
ACGATAGCTCTCATTT,1196,610
ACGATAGCTCTTAGTG,10537,5082
ACGCAGAGAAGTCGGA,10256,5114
ACGCCCAGAAAGTTCC,10080,4927
ACGCCCAGACTTGTGA,6149,3004
ACGCCCAGATTGTGAC,3494,1811
ACGCTCTTGAAGTTCC,4433,2180
ACGCTCTTGAGCTTTG,12482,5813
ACGCTCTTGAGGACCA,8353,4162
ACGGAACGACCTGTGG,15361,7224
ACGGAACGATTACGCA,17489,8031
ACGGAACGATTCGGGC,11324,5324
ACGGAATCTAATCGAA,3486,1766
ACGGAATCTAGGCGTA,9664,4844
ACGGAATCTGTTTACG,6576,3361
ACGGCCATGCAGCTGC,3560,1800
ACGGCCATGCATGCGC,2085,1114
ACGGCCATGCTTTAGG,10366,4957
ACGGCCTGACCAGAGA,13313,6346
ACGGCCTGACGGAAGT,4172,2153
ACGGCTTCTGCTCTTC,13931,6576
ACGGGAATGACAGGCA,6555,3076
ACGGGAATGCAGCACC,17463,7963
ACGGGTAGAGAGTGAC,17505,7950
ACGTAGGGACAGGCCT,14226,6458
ACGTAGGGACATCTTT,19447,8708
ACGTAGGGATAAGTAG,3312,1667
ACGTAGGGATAGCGAG,10399,5149
ACGTCCACTTGGCTGC,4756,2394
ACGTGGCTGCGCACTG,7350,3547
ACGTGGCTGCGGAATG,4620,2308
ACGTGGCTGGTCCCAG,4686,2403
ACGTGTTGAGCCAGCT,1124,584
ACGTGTTGAGTCTGGC,10966,5189
ACTAACCGAAATGCGG,14832,6944
ACTAACGTGAATGCGG,8709,4344
ACTAACGTGAGTAGGC,6533,3336
ACTAACGTGCCGGACT,2949,1562
ACTAACGTGGATAGCG,5518,2768
ACTAACGTGGCGCTGT,6935,3330
ACTAACGTGGTACGTT,5387,2702
ACTACGCCTAACCAAA,24661,10623
ACTACGCCTCCCGCAA,25974,10595
ACTACGCCTTGCTGGC,7573,3942
ACTAGTGTGACCATGT,13742,6538
ACTAGTGTGTCGTAAC,9458,4519
ACTCAGAACAGCAATA,8086,4107
ACTCAGAACCGTACAT,9862,4836
ACTCCAGCTCGAATCT,19896,8559
ACTCCGTACTGCTACA,12526,5995
ACTCGCTACCCGGCTA,8482,4220
ACTCGGGACAGGACAC,2592,1343
ACTCTAACTAAATGCA,11165,5336
ACTCTAACTCATCCTC,13919,6272
ACTCTAACTCCACAAT,9967,4772
ACTCTAACTCCGGCTA,7996,3843
ACTCTAACTGTGGTGA,17269,7841
ACTGATTCTACCGTTA,9960,4908
ACTGATTCTAGGACAC,13579,6221
ACTGATTCTGCCACGT,9236,4509
ACTGATTCTTGACCTA,24398,10959
ACTGGAGGATTCTGGA,12531,6086
ACTGGGCACCATGCTA,758,388
ACTGGGCACCTGTACA,3272,1714
ACTGGGCACTTACGCA,20072,9265
ACTGGGCACTTCTCGC,21463,9327
ACTGTCCACCAAGTTC,9783,4612
ACTGTCCACTAGCGAG,759,385
ACTGTGATGTTTCCGC,16549,7513
ACTTATCACGGAATTA,8093,4038
ACTTATCTGTGCACCG,7069,3485
ACTTCATACAACGCAG,7708,3883
ACTTCATACAACGTTC,2312,1185
ACTTCATACCCGATTA,22434,9505
ACTTCATACGCCGTTG,5132,2607
ACTTCATACTCCTACC,11925,5651
ACTTCATACTGAGTAA,25867,11391
ACTTCCTCTCTGTGCG,15587,7033
ACTTGAGTGCGAGGTA,10977,5314
ACTTGAGTGGCATGAG,10978,5411
ACTTGCCTGCGATTCA,19676,8708
ACTTGCCTGGTTGACT,8290,3987
AGAACAATGCAGTCTA,19729,8903
AGAACCTTGCGCAAAG,9680,4559
AGAACGCGACAATAGA,21183,9282
AGAATCCACAATAGCA,3141,1631
AGAATCCACCCTAACA,6106,3051
AGAATCCACCGAATCT,20059,8911
AGAATCCACCGGTTTA,18870,8387
AGAATGTGATGGCTGC,21237,9881
AGACCATTGACAGGTG,3931,2033
AGACCATTGCAGACCC,5878,3190
AGACCATTGCATCCTC,9125,4664
AGACCATTGGTTGGTT,7865,3812
AGACCATTGTACGATC,4568,2366
AGACCATTGTTTCGCC,2943,1594
AGACGCAGAAAGACAT,26079,11612
AGACTACTGGAACGTG,12640,5979
AGACTACTGTAGCGAG,12076,5904
AGAGAATACTACGTTG,9074,4495
AGAGAATTGCCAAACT,24271,10778
AGAGACCGAGCTAATC,3933,2026
AGAGACCGAGTTGACT,4228,2069
AGAGGGACTAAATCGA,2856,1494
AGAGGGACTATTGGTC,11353,5398
AGAGGGACTCCTGAGC,23424,10337
AGAGGGACTGTTAGAA,5772,3002
AGAGTAATGAGACAAT,8221,3982
AGAGTAATGAGCCATT,11020,5341
AGAGTAATGGAACGTG,15432,7044
AGAGTAATGTGCCACG,9888,4705
AGAGTACCTCGGAATG,7040,3582
AGATATGGACCTGCGA,17323,8026
AGATATGGAGGAATAT,5561,2863
AGATATGGATCGAGAG,7248,3620
AGATCCTGAGGTGTCC,9371,4639
AGATCCTGATTCTCGC,14051,6546
AGATGGGTGAGCGCTC,24535,10549
AGATGGGTGAGGGCTA,7813,3918
AGATGTAGAAGGTAAT,10871,5254
AGATGTAGACAGCTGC,18588,8249
AGCAACTTGAAGGTGC,15073,7066
AGCAACTTGCAAGTAA,6829,3434
AGCACATTGATGTCCA,14480,6859
AGCACATTGCGTGCAC,2887,1480
AGCAGAGACATGTCAC,4919,2511
AGCAGAGACTCGACAT,5853,2828
AGCCAATTGCCTACGG,20831,9379
AGCCAATTGGAATCTC,14677,6979
AGCCAGCACGCCCAAC,8292,4100
AGCCCAGACTAAGTAG,3686,1836
AGCCCAGACTCCCGTT,3345,1704
AGCCCAGTGTACAGCT,15759,7346
AGCCGAGCTCCACTTC,5054,2562
AGCCGAGCTCCCGAGT,8946,4273
AGCCGGTACCCTGTGG,4003,2073
AGCCGGTACCTGCGGT,9335,4524
AGCCTACCTCGAGGAT,17875,8190
AGCCTACCTGCCGCTA,10442,5143
AGCGCAAGAACACAAA,14463,6660
AGCGCAAGAACGAGCA,20102,9349
AGCGCAAGACCTGCGA,15805,7111
AGCGCAAGAGGCCTGT,13887,6710
AGCGCAAGATTACGCA,6137,3185
AGCGCCTGACTAACGT,13407,6213
AGCGCCTGATGGTGAG,13900,6403
AGCGCTCGAGGTATGG,13130,5943
AGCGCTCGATCTGTGA,2934,1449
AGCGTATACAACCAAA,11159,5320
AGCGTATACGGCAGTA,7340,3692
AGCTATCGAAGCTGAG,11799,5672
AGCTATCGAGATCATC,7073,3456
AGCTATGACCCGGACT,35806,14223
AGCTCGGACCCTTTGC,4491,2331
AGCTCGGACGCACTTA,10379,5078
AGCTCGGACTTATGGC,12384,6161
AGCTCTGCTTAGCAGG,3724,1881
AGCTCTGCTTTTCCGC,9078,4342
AGCTGATACTAGGAGC,10644,5111
AGCTGATACTCGCTAA,19630,8681
AGCTGCTCTACGTAAA,8928,4411
AGCTGCTCTTCTATCT,37626,15140
AGCTTCCACCTCTGGG,9287,4558
AGCTTGCCTTAGGAGC,32465,13970
AGCTTGTGACAAGGTG,18467,8204
AGCTTGTGACTTGAAC,28234,11925
AGCTTGTGATTCGGGC,20462,8874
AGGAACCGAAGGGAGG,13612,6332
AGGAACCGAGGACCAA,3049,1546
AGGAAGAGACGATCGC,18492,8163
AGGAAGCACATCCGTA,847,434
AGGAAGCACGACAAAT,3120,1574
AGGAATTGAAGACAAT,16487,7488
AGGAATTGACAGTCTA,15700,6941
AGGAATTGACCTGCGA,6615,3131
AGGACAGACATCATGC,14039,6934
AGGACAGACTTTGGGT,4935,2585
AGGACGCCTTAGCGAG,25090,10720
AGGAGGTTGGTGGTGA,17715,8152
AGGCATTACCGAACAG,6511,3190
AGGCATTACCTGGGTC,10543,5204
AGGCCAAGAAACCCGC,1069,540
AGGCCAAGAACGAGCA,23176,10502
AGGCGATGATAACGGG,41446,16490
AGGGACCCTAAAGGTT,11059,5291
AGGGAGTTGCAATAGA,17002,8392
AGGGAGTTGGAATAAC,9608,4714
AGGGCAAACGATAGCG,10577,5090
AGGGCAAACGCATGAG,8401,4255
AGGGCGTCTCCTGTGG,1324,681
AGGGCGTCTTCTATCT,11294,5543
AGGGTTTACAAGTAAC,8436,4042
AGGGTTTACATAGCAA,6092,2928
AGGTAGCGATACGTTG,15510,6879
AGGTAGGTGCCTGAGC,12106,5447
AGGTAGGTGTACAGAA,9442,4497
AGGTATAGATAAGTAG,5770,2740
AGGTATGCTACGAGCA,14267,6935
AGGTATGCTCGAATCT,11073,5505
AGGTATGCTTTTCGCC,6698,3337
AGGTCAGGAGCCGCTA,4267,2153
AGGTCAGGAGGACCAA,5368,2669
AGGTCGCACGACGCCT,5663,2893
AGGTCGCACGCCGCTA,36083,15006
AGGTGATCTACCATGT,10894,5305
AGGTGATCTAGTTGAA,8672,4117
AGGTGATCTCGGGTAA,5511,2707
AGGTGATCTGACTGTT,6020,3027
AGGTGATCTTCATTTC,7301,3659
AGGTGTGGAAGTCTAC,11058,5147
AGGTGTGGAGATTAAG,10863,5252
AGGTGTGGAGCCACGT,14634,6613
AGGTTACTGATCCGTA,9833,4789
AGTAAGTGATGCCACG,3064,1573
AGTACAAGAAGGGAGG,18489,8168
AGTACAAGAGGAATGC,30400,12974
AGTACGACTCTTTGTT,9133,4539
AGTACGTTGTTTGTCT,10581,5101
AGTAGAAACCCGTGAC,8797,4322
AGTAGAAACCGGCTCA,5053,2572
AGTAGAAACCTTCACC,9279,4501
AGTAGAAACTTGGCGC,14077,6314
AGTCCCACTTCTGCAA,9413,4679
AGTCGAACTACAGGTG,4501,2366
AGTCGCGTGGTCTGGC,6948,3449
AGTGAAATGTCCCAGG,8533,4192
AGTGAAATGTGCGGCT,18688,8544
AGTGACACTCCTCCTA,14312,6685
AGTGCATTGATCAGCT,3689,1891
AGTGCATTGCCGCTAG,19432,9227
AGTGCATTGCTCTGGG,12346,5847
AGTGCATTGGGAGTCA,13010,5957
AGTGGAGTGACAGGTG,8416,4078
AGTGGAGTGCAGCTGC,7997,3930
AGTGGAGTGCGAAAGC,14540,6685
AGTGGAGTGTTACGAC,19937,8719
AGTGGTACTGCTGGCT,5454,2761
AGTGTTCGAACACCTA,12435,6305
AGTGTTCGAACCCGGT,21218,9159
AGTGTTCGACATAGCT,6885,3374
AGTGTTCGAGGGATTG,5090,2522
AGTTCACGAGACAAAT,6121,3086
AGTTCACGATTAGCTG,7862,3875
AGTTTCACTCGAATCT,11958,5866
AGTTTCACTTGCTCAA,17898,8130
AGTTTCTTGACACCGC,35136,14588
AGTTTCTTGGCACCCA,4873,2493
AGTTTCTTGTACTTTC,687,345
AGTTTGCGACGACAAG,14516,6702
ATAACCGTGCGTGCAC,2997,1518
ATAAGACGACCTGAGC,26637,11030
ATAAGACGAGCTACGC,9727,4761
ATACAGGCTCGAGTTT,8437,4126
ATACAGGCTCTTTGTT,9674,4606
ATACAGGCTTGACCTA,17682,7815
ATACATCCTACCAAGG,10784,5064
ATACATCCTCCACTTC,6529,3185
ATACCACGAAAGGTGC,17692,8395
ATACCACGAACCCGGT,19888,8817
ATAGAACGAGAAATCA,4416,2209
ATAGATGGACCGTGAC,21917,10180
ATAGCCAACAGTTGAA,14067,6641
ATAGGAAACCCACATA,6997,3485
ATAGGCGGATTTGTCT,10459,5023
ATAGGGTCTAAACTGA,13136,6039
ATAGGGTCTAACGTGG,11484,5547
ATAGGGTCTAGCTTGT,8426,4025
ATAGGGTCTCGTTCTC,6845,3434
ATATGCCGACATGCAT,8303,3956
ATCAAAGGAAGCTTGT,5148,2551
ATCAAGCACAGAGGCT,4247,2172
ATCAAGCACGGACACA,5581,2857
ATCAAGCACTTGCGTA,10610,5295
ATCAATCCTGACGCCT,10819,5366
ATCAATCCTGTCCCGA,11890,5492
ATCACGATGCTGAGAG,10944,5108
ATCATCTACCCTAACA,9208,4484
ATCATCTACTGGCAAG,8850,4337
ATCATCTACTTCGCCT,6129,3043
ATCCAGCCTAGTCTGT,8828,4326
ATCGAAAGATGGGCAA,11671,5502
ATCGAGACTTGAACAA,4788,2400
ATCGAGTTGGGTGTCC,9297,4482
ATCGCAAACTTGACAC,8498,4235
ATCGCCGGAACCATGT,1255,668
ATCGCCGGACGTGCAC,1678,875
ATCGCCGGAGCCCTTT,5586,2784
ATCGCCGGAGCTAGAG,6553,3318
ATCGGCGTGAAAGCTA,3920,2011
ATCGGCGTGGTCTGGC,3211,1641
ATCGGGCACCGATTGT,10362,5010
ATCGTCCACCACAGTT,10112,4896
ATCGTCCACTTGTACG,6959,3308
ATCGTTTACGAGTGAC,4977,2558
ATCTCTAACACTAGGG,7432,3625
ATCTCTTGACATGCTA,8913,4439
ATCTCTTGACATTCAG,5083,2608
ATCTCTTGACTGGGTC,10056,5061
ATCTCTTGAGGACAGT,10249,4923
ATCTGCCTGAGACTTC,14125,6880
ATCTGCCTGTCTGCAA,2547,1250
ATCTGCCTGTGGCAAG,9126,4287
ATCTTACTGTAAGTAG,11375,5403
ATGATAGGACAGCAAG,19446,8650
ATGATGCACCATTCAG,21551,9663
ATGATGCACCGTTATG,10216,4909
ATGATGCACGGGTAGT,11053,5362
ATGATGGCTTAACTCG,9470,4605
ATGCAAAGAGGATGGT,9519,4512
ATGCAAAGATTGTACG,11596,5675
ATGCAACTGCATGATC,5575,2839
ATGCAACTGCCAAGTT,733,378
ATGCAACTGCGAACAG,11380,5446
ATGCAACTGCTGGAAG,9222,4535
ATGCATCGACAATAGA,18752,8479
ATGCATCGACGACATT,11265,5557
ATGCATCGATTGCGCG,11516,5502
ATGCCCGGACCAAACT,11333,5483
ATGCCCGGACGCACTG,6215,3089
ATGCCGCGAAAAGCTA,6579,3126
ATGCCGCGAAAGTTCC,10533,5201
ATGCGCGTGCGTAACT,16132,7608
ATGCGCGTGCTATCTT,9064,4245
ATGCGCGTGGCGGTAA,12713,6215
ATGGACTACCCGCTAG,3038,1563
ATGGACTACGCTGAGA,23830,10600
ATGGCATTGCACAGTT,16671,7573
ATGGCCGTGAGGTGCA,12058,5490
ATGGCCGTGTTCCATT,9699,4688
ATGGCTATGCTTAAGC,4420,2226
ATGGCTATGTGATCAC,12141,5661
ATGGGACGAAAACATG,14941,7040
ATGGGACGAAGTCTAC,678,346
ATGGGACGAGGACAGT,6412,3189
ATGGGAGTGCCTATCC,9206,4656
ATGGGAGTGGGAATAT,21171,9402
ATGGGAGTGGGTATGG,6966,3429
ATGGGTACTCCTAGGC,2721,1419
ATGGGTTACCGATCGC,26136,11281
ATGGGTTACGCGCACT,1038,528
ATGGGTTACTGGCTTA,11664,5653
ATGTACGTGTAGCGAG,11559,5460
ATGTCCAGACGAGTGA,8848,4291
ATGTCCAGATACAGCT,15659,7437
ATGTCCGCTTGCGTGC,3706,1916
ATGTTTCACCGAGTGA,9270,4459
ATGTTTCACGGAATAT,9171,4498
ATGTTTCACTTTCTGT,14728,6973
ATTACCTACGCGCTGT,15416,7166
ATTACTCACCCTCCTA,8374,4189
ATTACTCACTTACGAC,8608,4340
ATTAGCGTGTTCCATT,15301,7269
ATTCAGGTGAGTGAGC,8549,4249
ATTCAGGTGCCCGAGT,7968,3976
ATTCAGGTGTGTGGGA,12639,5855
ATTCCAACTTACACTG,9602,4745
ATTGAGAGACAAGGTG,19095,8266
ATTGTGCGACCAGCTG,10003,4742
ATTGTGCGAGGTATGG,13004,6232
ATTGTGCGATGGCTGC,10050,4765
ATTGTGTCTATTAAGG,12915,5887
ATTGTGTCTGAATAGT,7634,3789
ATTGTGTCTTACACTG,14177,6343
ATTTAGCCTAGCTTGT,11739,5548
ATTTAGCCTTAACGAA,11802,5536
ATTTCAGCTCCGCTAG,8117,3936
ATTTCGACTACCTTGA,11013,5089
ATTTCGACTCAGGTGA,24604,10977
ATTTCGACTGCCCTAG,1460,745
ATTTCTGACCGGCTCA,9096,4402
ATTTCTGACCTGATCA,10573,5040
CAAAGAATGCGCAACC,14646,7005
CAAAGACCTTGGCTGC,9776,4847
CAAAGCTTGAACGTGG,6995,3486
CAAAGCTTGGAGTGAC,6925,3314
CAAAGCTTGGTCCCGA,23153,10480
CAAAGCTTGTGAGCAG,6814,3452
CAAAGGGACTTCGGGC,8340,3861
CAAAGGGTGGCTCTTC,11810,5723
CAAAGTAGATGAACAA,6641,3240
CAACAACACAGCTGAG,8624,4349
CAACAACACGACAAAT,5083,2502
CAACCCTACGGATGGT,9815,4707
CAACGAACTAACGCAG,14967,6835
CAACGAACTATGTCAC,9380,4560
CAACGAACTCTGCCAG,4572,2259
CAACGCGTGCCTTCCA,22078,9880
CAACGCGTGTACAGAA,16572,7865
CAACTGAACAAAGCTA,13051,6147
CAACTGAACCATCTTT,28597,12473
CAACTGAACGGCAGTA,5404,2743
CAAGAAATGAGCCCTG,24581,10701
CAAGAAATGGCCCTTT,8158,3932
CAAGAATGAAAGCTAA,9625,4644
CAAGATAGAACGCGAA,7420,3681
CAAGCAACTGGAATAT,5473,2757
CAAGGCCACGCCCTTT,3882,1959
CAAGGCCACTACGTTG,10832,5315
CAAGGGAACCATGCTA,16867,7411
CAAGGGAACCCTGTGG,4443,2230
CAAGGGTGAAGCAGGT,7673,3756
CAAGTGGGAGAATTGA,15305,6969
CAAGTGGGATTGTGAC,5455,2907
CAATAGAGAAACTAGA,15318,6780
CAATAGAGACAAGTTC,12836,6321
CAATCAGACTACACTG,32322,13622
CAATCAGACTCCCGTT,7912,3963
CAATCAGTGAGCCATT,899,459
CAATCAGTGAGCTGAG,5387,2724
CAATCAGTGCCTAACA,9248,4520
CAATCAGTGCGACAAG,6839,3436
CAATCGCCTCCTGTGG,14628,6987
CAATCGCCTCGAAGCA,14816,7035
CAATCGCCTCGAATCT,10504,5064
CAATCGCCTCGTTAGT,9216,4548
CAATCGCCTCTGTGCG,16773,7729
CAATCGCCTGTTTACG,14063,6587
CAATCGTGAAGGACCA,11681,5536
CAATCGTGAGACTGTT,14271,6779
CAATCGTGAGCTGGCT,8192,4162
CAATGTGACAACGTTC,11569,5541
CAATGTGACATTCGGT,20229,9345
CAATGTGACGGACAGT,30621,12479
CAATGTGTGGAACATA,8729,4248
CACACCACTAGCGCTC,14041,6374
CACACCACTGCGAGTA,4390,2212
CACAGCGTGAGCTTTG,9834,4892
CACAGCGTGTACGTTG,9890,4836
CACAGCGTGTGGAACG,7383,3565
CACATCCTGGAGTGAC,8379,4198
CACATGATGTGAAAGT,14672,6907
CACATTACTTGCATGT,1322,674
CACCAGGTGCCGTGAC,14948,6895
CACCAGGTGCTCACGG,9623,4387
CACCGTTACCAGCTGC,15124,6922
CACCGTTACGCCGTTG,2720,1408
CACCGTTACTTCTCGC,19384,9031
CACGAATTGCCTAGCG,15782,7564
CACGAATTGTAACGAA,16242,7615
CACTATACTATCATCG,6752,3419
CACTATACTCCTAGTA,7610,3881
CACTATTTGACCAGTT,18025,8328
CACTCTGACGGCATTT,5717,2866
CACTCTTCTTTGGTTG,10230,5011
CACTTTATGTGTTCCC,10293,5130
CACTTTATGTTGCGTA,10095,4899
CAGAAACCTACCTGCG,13377,6291
CAGAAACCTGATTAAG,4916,2492
CAGAGGCCTAATAGCA,4991,2465
CAGAGGCCTGGAATGC,3979,2044
CAGATACTGGGATGGT,6395,3139
CAGATACTGTCAATGC,15465,6829
CAGATGACTCCTAGCG,9379,4562
CAGATGACTGAACCTT,1562,809
CAGATGACTTTTCGCC,951,499
CAGATTTCTTCGTAAC,11838,5738
CAGCCGATGAAACATG,18352,8347
CAGCTCACTACCTGCG,10213,4824
CAGCTCACTCTGCCAG,4206,2143
CAGCTCACTGAACAGC,14513,6962
CAGCTGTCTGTCAATC,6800,3315
CAGGACCTGGGCCAAA,795,406
CAGGACCTGTGGGCAA,6735,3226
CAGGACCTGTTACGAC,14047,6718
CAGGAGCCTCTGATCA,10262,4975
CAGGAGCCTGATGGAC,8842,4367
CAGGAGCCTTAGGTTC,13840,6789
CAGGCCATGGCATGAG,2116,1103
CAGGCGACTACGCCAC,1206,619
CAGGCGACTCCACAAT,15626,7115
CAGGCGACTCCGGACT,15264,7014
CAGGCGACTTGGCTTA,22816,10148
CAGGCTTCTTCGACAT,6187,3046
CAGGGCACTAGGGCTA,10038,4730
CAGGGCTTGACGCCAC,6064,3020
CAGTAGTTGACACAAA,14953,7104
CAGTAGTTGCGATGTT,5749,2938
CAGTCCGGAATTCGGT,8200,4010
CAGTCGTCTAAAGTAC,20909,8613
CAGTCGTCTACACAAA,25635,11472
CAGTCGTCTTTGCAGT,4720,2389
CAGTGGAGAAGGGAGG,8906,4408
CAGTGGAGACCAGAGA,5070,2669
CAGTGGAGATCTGTGA,18049,8298
CAGTGGAGATGCTACA,6311,3019
CAGTGGAGATTAGAAG,1220,620
CATAGCATGCCGATTA,10492,5132
CATAGCATGCTGCGGT,4306,2203
CATAGGTACTCTGGAT,10266,4881
CATAGTCGACCTACGG,10156,4986
CATATCACTATGTGGG,4588,2423
CATATCACTCTCGATA,12468,5590
CATATCACTTGCGTGC,5662,2825
CATCAGTGACAGGGAT,10003,4894
CATCAGTGACGCCACA,6966,3434
CATCCGTACATTGGTC,9386,4660
CATCCGTACGGAATAT,6505,3257
CATCGAAACACACAAA,7996,3857
CATCGAAACCCAACGC,6868,3366
CATCGAAACCGAGGAT,30073,12423
CATCGAAACTAATGCC,8396,4120
CATCTGAGAAGACTTC,19963,8934
CATCTGAGAATCCTAG,10508,5069
CATGCAAACGAAACAT,9263,4526
CATGGAGGAAACGCAG,8003,4011
CATGGAGGACCGTGAC,8093,4238
CATGGAGGAGAGCCTC,9221,4616
CATGGAGGAGGCCATC,8176,3828
CATGGATTGCCAGCTG,9485,4593
CATGGATTGCGACACC,14983,6709
CATGGATTGGGCCTGT,23453,10382
CATTACACTACACCTA,6011,2954
CATTACACTGGTTGAG,5773,2940
CATTACTTGGACTCGC,17146,7956
CATTAGTCTAAAGCTA,18087,8389
CATTAGTCTGATCCAT,9248,4553
CATTCCCGAGAACATA,19237,8805
CATTCCCGAGACACCC,12737,6204
CATTCCCGAGCGGTTC,20240,9480
CATTCTATGCCTAGTA,3302,1700
CATTCTATGGGCAGTA,12139,5846
CATTCTATGGGGTAGT,7365,3698
CATTGCGCTGAGCCTC,19911,8641
CATTGGAACACCAGTT,1380,698
CATTGGAACTCTGCAA,7437,3723
CATTGTTACAGGTGCA,834,430
CATTGTTACCATGCTA,11052,5383
CATTGTTACTGTGGGA,23316,10005
CATTTGTACGAAATCA,6923,3332
CCAACACCTGGGTTCC,12540,5781
CCAACTCACACCTTGA,15812,7229
CCAACTCACTGGCAAG,15129,6925
CCAAGGAGAATTCGGT,9220,4430
CCAAGGAGACCTATCC,15511,7264
CCAAGTTGAACTAGGG,17028,7934
CCAAGTTGAAGTACGG,10650,5175
CCACAACCTCAGTCTA,8800,4401
CCACAACCTCCTACGG,15772,7376
CCACAACCTGGAGTCA,12950,6138
CCACAACCTGTACTAC,6934,3453
CCACATCACATCCTTT,6640,3276
CCACATGCTAATACAG,17396,7917
CCACATGCTATCGGTT,16890,7624
CCACATGCTCTGCGGT,9857,4558
CCACGGATGGAATTGA,8738,4149
CCACTAAGAAGGCATG,14279,7003
CCACTAAGACCACTTC,10966,5383
CCACTAAGACCAGCTG,7733,3919
CCACTAAGACTACTCC,6313,3146
CCACTAAGAGTCCCAG,10153,4808
CCACTCTGAATCACAC,15333,6940
CCACTCTGACCTTCCA,10184,4844
CCACTCTGACGATTGT,8876,4368
CCACTCTGACGGTTTA,8558,4221
CCAGAATACAACGTTC,8957,4224
CCAGAATACACACCTA,11538,5524
CCAGAATACCGATTAC,12779,6236
CCAGCTTTGCTGGAAG,14343,6891
CCAGGACTGATGTCCA,9455,4427
CCAGGACTGCGACATT,18425,8575
CCAGTTGCTCAATGAA,6258,3063
CCATCTGTGGATAGCG,14305,6653
CCATGATGATAACTCG,6349,3102
CCATTGCTGAAGTAAC,8116,4025
CCATTGCTGCGTACAT,10001,4914
CCATTGCTGGCTACGC,10972,5138
CCCAATGCTGGCCATC,7165,3479
CCCACAGGAATACGCT,14718,7033
CCCACCTCTAATGCGG,17168,7695
CCCACCTCTCCACATA,10085,4975
CCCAGGATGGCTTCGG,7879,3907
CCCATGTACGGCATTT,4045,2043
CCCATGTACGGCCTTG,4601,2354
CCCATGTACTGTTGTG,6173,3262
CCCATTTCTTGCTTGA,5170,2548
CCCGACAGAAATGCTC,3518,1792
CCCGACAGAACCATGT,4386,2242
CCCGACAGATGCTGGC,4964,2527
CCCGAGTGAATCCGTA,8838,4399
CCCGGAAACAAGGTGC,12514,5699
CCCTATCGACGAGTTT,14998,6835
CCCTATCGATTAGAAG,11307,5234
CCCTCCTTGAGACAAT,22382,9798
CCCTGAACTATCCGTA,7612,3827
CCCTGAACTGAACGTG,7734,3717
CCCTGATTGAGCAATA,1191,608
CCCTGATTGCGGAATG,18358,8112
CCCTTGCCTGTCCCGA,7220,3643
CCGAGACACTGCATGT,17370,7931
CCGAGTCGACCATGTA,5659,2842
CCGATTCACACAGGCA,10696,5115
CCGATTCACCCTATCC,5832,2923
CCGCTATTGCCAGGCT,4902,2476
CCGCTATTGTCCCGTT,1672,884
CCGGGAACTATGTCAC,7305,3556
CCGGGAACTCGAACAG,22001,9931
CCGGGAACTGGGATTG,6581,3354
CCGGGAACTTTGGCGC,10449,4975
CCGGGTATGAGCCTAT,16013,7176
CCGGGTATGCTTTAGG,3444,1767
CCGTTAAGATGCTACA,18723,8499
CCGTTACTGCAGACCC,3729,1894
CCGTTCTGAACCTAGT,10303,5015
CCGTTGTACCAGCAAG,7235,3615
CCGTTGTACTTCGCCT,17759,7507
CCGTTTGTGCTGAGAG,9796,4768
CCTAACGCTTCGCTAA,16076,7540
CCTAAGAACACACAAA,18026,8279
CCTAAGAACCGTAACT,16094,7686
CCTAAGAACTACCAAC,18342,8243
CCTACGGGAGGACACA,8897,4346
CCTACGGGATCGTAGT,30939,13238
CCTACGTACTCTTTGT,2370,1224
CCTACGTACTTATGGC,3704,1860
CCTACGTTGCAACGCC,6775,3438
CCTACGTTGGACAAAT,6775,3453
CCTACTGTGAATAGCA,3015,1614
CCTACTGTGACAGGCA,11296,5566
CCTACTGTGCGGTTTA,26991,11522
CCTAGCACTTCCGTAA,6557,3199
CCTAGCACTTCGCAGC,11250,5320
CCTCACAACGTCCCGA,8208,4020
CCTCACAACTTGTTTC,7612,3756
CCTCACATGAAGTCTC,10899,5191
CCTCACATGACCAGTT,12672,5926
CCTCACATGAGTAGGC,7973,3973
CCTCACATGCGGGTAA,16017,7322
CCTCCCTTGAACGCAG,19179,8767
CCTCCCTTGTAACGAA,9860,4782
CCTCCTGCTTCATTTC,10549,5067
CCTCCTGCTTTGGTTG,3953,1855
CCTCTTGGAAGCAAGC,13506,6522
CCTCTTGGAAGCGCTC,1089,566
CCTCTTGGACACTCAA,12641,6051
CCTCTTGGATACACTG,12351,5959
CCTGAGGACACCGTGC,7625,3754
CCTGCCTCTTACACTG,17521,8034
CCTGCTATGCGACTAT,61772,21816
CCTGCTATGTTGGGAG,4516,2248
CCTGCTATGTTGTGAC,13041,6509
CCTGTTGACAATCCAC,32395,12934
CCTGTTGACCAGACCC,23232,10077
CCTGTTGACCGCCACA,6443,3258
CCTGTTGACGCACCCA,10517,5112
CCTTCAGTGATTCGGT,10262,4846
CCTTCAGTGTGGGCCT,14689,6963
CCTTCTACTTGCCACG,8148,4054
CCTTCTTTGACCATGT,16201,7125
CCTTCTTTGCTCTGGG,14714,6697
CCTTGGTACAGTCTGT,10736,5171
CCTTGGTACGGAATAT,11675,5752
CCTTTCTACGAAGGCT,14373,6601
CGAAACGGACCAGCTG,7530,3694
CGAAACGGAGAATCTC,1715,861
CGAAACGGATGTTCCC,16783,7790
CGAAATAGACAGGGTA,8206,3924
CGAACATACACGTGCC,6134,3051
CGAACATACGCACGCT,8752,4297
CGAATTTCTAGAGGCT,16509,7700
CGAATTTCTGGACCTC,24284,10074
CGAATTTCTTCTGGAT,18924,8556
CGACAATACGCTTCGG,3326,1706
CGACAATACGTTGTCA,5185,2723
CGACAGCACTAGCTTG,2870,1537
CGACAGCACTCATGTG,3654,1855
CGACCTACTCCATAAC,7473,3660
CGACCTTACCAGCACC,2745,1437
CGACGACACACGAGCA,13553,6458
CGACGACACTACAGCT,11856,5714
CGACGACACTCGAGAG,27365,11962
CGAGAGATGATTGGTC,4365,2182
CGAGAGATGGAATCTC,6009,2995
CGAGAGATGGGTATGG,5462,2679
CGAGCACTGAGCTTTG,4209,2116
CGAGCACTGCCACAAT,14574,6643
CGAGCACTGGCTAGAG,10200,4911
CGAGCACTGGGCATTT,6183,3105
CGAGCACTGGTTAGAA,3874,1932
CGAGCAGCTATTCGGT,10432,5104
CGAGCAGCTGGTGCAA,4358,2229
CGAGGACCTGACATAA,7049,3435
CGAGGACCTGCCCTGA,7332,3694
CGAGTCTCTCGTTCTC,6307,3216
CGAGTCTCTGGGTAGT,8751,4266
CGAGTCTCTTAACCCA,18155,8089
CGATAAAGAGCGCTGT,1059,542
CGATAAAGAGGAATAT,10988,5389
CGATAAAGATAAAGCA,8567,4299
CGATACAACTCCCGTT,12409,5988
CGATACATGCCTCGTT,28156,11562
CGATACATGGATAGCG,3360,1671
CGATACCCTCATCCTC,9542,4597
CGATATGTGCTTGTGA,8816,4376
CGATATGTGTGCTCAA,10421,5069
CGATATTCTACCATGT,8147,4056
CGATATTCTGCCACGT,3122,1617
CGATATTCTTAGGCGA,7752,3803
CGATCAAACTAGACAA,3726,1917
CGATCAAACTGTTCCC,9394,4682
CGATCGGTGTGGCATT,4620,2280
CGATGATTGAAGGCTG,4875,2423
CGATGATTGACCTAGT,11053,5345
CGATGATTGATAGGTA,7214,3481
CGATGATTGCAGGGTA,6598,3320
CGATGATTGGGAATGC,9238,4446
CGATGATTGTCGCTAA,9028,4540
CGCAAATACTAACCCA,11622,5414
CGCAAATACTAGGTTC,18588,8523
CGCAAATACTCTGTGA,8900,4454
CGCAAATACTGCTTGA,5227,2694
CGCAATCCTAGCTGAG,6063,3004
CGCAATCCTGACGCCT,11119,5144
CGCAATCCTGCTAGAG,6292,3034
CGCAATCCTTCAGGTT,3312,1678
CGCACACGATACGTTG,9467,4516
CGCACTTACACTCGAT,6597,3181
CGCACTTACTTCGCCT,16186,7410
CGCATCGGACCTATCC,18200,8419
CGCATCTTGGCCCTGA,8096,3977
CGCATCTTGTACGTTG,11879,5701
CGCCCTTCTCGATTCA,13431,6471
CGCCCTTCTCGATTGT,14599,6483
CGCTAGTCTCAATGAA,13208,6118
CGCTAGTCTGACAAAT,1212,607
CGCTGAGTGCCTATCC,16149,7542
CGCTGAGTGGATTAAG,8275,4004
CGCTGAGTGTGCGCCA,11908,5781
CGCTTAAGACATGCAT,21220,9748
CGCTTAAGATTATGGC,11882,5542
CGCTTACTGAGTAGGC,10341,4915
CGCTTCAACCACTCAA,16289,7405
CGCTTCAACGCCGCTA,26881,11274
CGCTTCAACTCCTACC,9751,4450
CGCTTCCCTACTAGGG,5527,2737
CGCTTGTACATCAGCT,1969,1032
CGCTTGTACGCTGGCT,7466,3640
CGGAATTTGCGAACAG,13572,6322
CGGAATTTGGTTAGGG,8145,3983
CGGACGTTGAGTCTAC,12976,6165
CGGATAGGAAGAGGCT,1203,605
CGGATAGGACCTGCGA,2093,991
CGGATGAGAAGGTAAT,10265,4813
CGGATGAGACGAAGCA,1343,681
CGGATGAGACTTGTGA,4174,2119
CGGCTAGTGCTCCTAC,2333,1214
CGGCTAGTGTTGCGTA,3829,1902
CGGGACACTTCGTAAC,7436,3697
CGGGACACTTTGACAC,17153,7874
CGGTCGATGTTGCGCG,15913,7515
CGGTGTGTGAGACAAT,15885,7219
CGGTGTGTGTGAGCAG,3049,1555
CGGTTCACTACCGTGC,11053,5195
CGGTTGGACAGCAAGC,7555,3768
CGGTTGGACCGAATCT,17340,7956
CGGTTGGACGCTGAGA,30303,12943
CGTAATCGACAAGTTC,4526,2296
CGTAATCGATCTATCT,19275,8776
CGTACAAACTAATGCC,29409,12429
CGTACAAACTCTGTAG,6779,3394
CGTAGCGACTCAATGC,21247,9672
CGTAGCTCTCGGTTGC,11525,5398
CGTAGCTCTTGCAAGG,6927,3568
CGTAGCTCTTTTCTTG,13700,6690
CGTAGTAACCCAGCTG,10895,5395
CGTAGTAACCTCATTT,12814,6198
CGTAGTAACGTGGTGA,8544,4138
CGTATCGCTATGTCAC,7687,3854
CGTATCGCTCGCACTG,10128,4855
CGTCAACCTCCTCCTA,16621,7811
CGTCAACCTTTCTGGA,11266,5406
CGTCGTTTGGAGAGGG,1235,660
CGTCGTTTGGGTTTGT,4358,2218
CGTCTTGACACCAAGG,6498,3359
CGTCTTGACATAGGTA,1058,561
CGTCTTGACGGTATGG,2928,1500
CGTCTTGACGTTTACG,9400,4608
CGTCTTGACTGAGGCA,16149,7627
CGTGAATACCCAGAGA,13214,6194
CGTGAATACCGTACAT,16956,7597
CGTGCAGACAATCGCT,21123,9410
CGTGCAGACCCGTGAC,3013,1590
CGTGCAGACGCTACGC,13133,6186
CGTGCAGACGCTCAGC,23879,10395
CGTGCAGACGCTCTTC,4925,2478
CGTGCCAGACCTCCTA,20209,9205
CGTGCTGGACCGGCTA,6352,3206
CGTGCTGGACCTCAAA,3712,1881
CGTGCTGGAGCTTACA,15634,7385
CGTGGAAGATTCGCAA,1480,763
CGTGTAATGCCAAACT,16745,7644
CGTGTACCTAACGTTC,17215,7588
CGTGTACCTCCTAGGC,23292,9959
CGTGTCTTGCGACAAG,11821,5642
CGTGTCTTGGCTTTGA,5050,2517
CGTGTCTTGTCGTACA,1844,898
CGTTCTCGACAGACCC,5345,2662
CGTTCTCGAGTCCCAG,15891,7198
CGTTGCTTGTTATGGC,22537,10148
CGTTTGCTGACCAGTT,22575,10167
CGTTTGCTGCGAGTTT,43540,17010
CTAACAGTGGGCCTTG,9749,4758
CTAACTGGAACACCGC,22134,9626
CTAACTGGAGGAGTCA,7682,3829
CTAAGTCGAAACTAGA,3047,1542
CTAAGTCGAGCCGTTG,19299,8867
CTAATCACTTTGGCGC,11093,5131
CTAATCTACTCTGTAG,16922,7851
CTAATCTACTTCAGTG,10624,5200
CTACAACGACTTCACC,14666,6823
CTACAACGAGGGTTCC,32128,13362
CTACAACGAGTGAGCA,14013,6316
CTACAACGATACAGCT,9010,4261
CTACATTACTGACTCA,5083,2688
CTACCTCGACTTGTGA,11959,5921
CTACCTCGAGGTTTGT,5518,2694
CTACCTGTGTAAGCAA,10603,5064
CTACGTGCTCACCTAA,12775,5720
CTAGAGACTAAAGCTA,21428,9262
CTAGAGACTACTAGGG,15194,6951
CTAGAGACTAGGTGCA,11883,5695
CTAGCTCACCCAACGC,9036,4300
CTAGCTCACTAGGAGC,14710,6776
CTAGGGCACACGTGCC,10326,4749
CTAGGGCACCCTGCGA,15773,7192
CTAGTGCCTTCTTTGT,9003,4452
CTATAGCGAAACGCAG,7349,3680
CTATAGCGAACCCGGT,8811,4101
CTATAGCGAATTAAGG,16839,7371
CTATAGCGACCATGTA,23826,10448
CTATCTATGCAGCACC,14311,6447
CTATGCCACAAATCGA,18257,8329
CTATGCCACCAATGAA,8503,4144
CTATGCCACCATACTG,6845,3392
CTATGCCACGTCGGTC,3504,1821
CTATGGATGAATCGCT,17681,8046
CTATGGATGAGTGGTG,8708,4043
CTATGGATGTGCGTGC,2732,1388
CTATTCAACGAGTGAC,14925,6757
CTCAAACGAGCAGGAT,8471,4074
CTCAATGGAGGAGTCA,11006,5242
CTCAATGGAGGTAGAC,9183,4518
CTCAATTTGAAATGCA,7922,3938
CTCAATTTGGAGTAAT,17382,8111
CTCAATTTGTGGCAAG,10532,5272
CTCAATTTGTTGTACG,13843,6484
CTCACGACTTGCTACA,28562,12432
CTCAGCACTAACGTGG,12961,6272
CTCATAACTTGACTCA,8741,4349
CTCCAACTGAGTCTAC,10570,5161
CTCCAACTGATCGGTT,40303,16792
CTCCTAGTGAACGTAA,6574,3304
CTCGAACCTCATGCGC,11580,5357
CTCGAACCTCCTACGG,14064,6489
CTCGAACCTCTCGATA,21401,9209
CTCGGATCTAGGCATG,16240,7086
CTCGGCAGACCTAGGC,4182,2138
CTCGGTTACAAGTCTC,2524,1232
CTCGGTTACGGACAGT,9600,4623
CTCGGTTACTAATGCC,9505,4790
CTCGGTTACTGATGAA,11480,5656
CTCTATATGCATGCAT,5413,2697
CTCTATATGCGAGTGA,1172,596
CTCTATATGCGATTGT,22613,9543
CTCTATATGTCTGGGC,14849,6982
CTCTCTGGATGGGCCT,21156,9791
CTCTGAAGAAAAGCTA,15770,7424
CTCTGAAGACTGTGCG,7422,3688
CTCTGACTGAGCCATT,20711,9227
CTCTGACTGATCCTTT,30983,13031
CTCTGACTGCCGCAGT,10641,5295
CTCTGACTGCGGAAGT,31978,13777
CTCTGACTGGATTAAG,6410,3177
CTCTGCAACGCTGAGA,12260,5692
CTCTGGACTATTGCCA,9889,4886
CTCTGGACTCTTAAGC,6303,3215
CTCTGGACTTCGCAGC,16690,7652
CTCTGGACTTGGGCAA,9769,4828
CTCTGGACTTTGTGAC,8451,4065
CTCTTGGACCGCACTG,5922,2997
CTCTTTCTGCGAAAGC,11190,5463
CTCTTTCTGGCTAGAG,8653,4259
CTCTTTCTGGTTAGGG,15249,6759
CTGAAGTACGATCCAT,29545,12138
CTGAAGTACGTCCCAG,1668,875
CTGACGTCTTAGCTTG,11002,5167
CTGAGATACCGGCACT,5728,2919
CTGAGCGTGAAACATG,21403,9058
CTGAGCGTGAACGTAA,14263,6705
CTGAGCGTGATACGCT,17072,7916
CTGATTACTCGAGGAT,16463,7490
CTGCACGGATGAGCAG,15561,7241
CTGCCATTGCAATAGA,9390,4701
CTGCCTTGAACGAGCA,7986,3916
CTGCCTTGAGGCATTT,10100,5053
CTGCCTTGATTACGCA,24822,10881
CTGCTAGCTTGATCAC,14672,6733
CTGCTGGGATTGGCGC,7546,3719
CTGCTTTCTAGGGAGG,23915,10763
CTGCTTTCTATGTCCA,14292,6656
CTGCTTTCTGTTCTCC,10466,5143
CTGCTTTCTTGCACCG,24431,10425
CTGGCCAGAGATCCAT,20461,9085
CTGGCCAGATGACTCA,7611,3835
CTGGTGGACCAGACCC,23860,10278
CTGGTGGACTTGTACG,31949,13298
CTGGTGGTGATGTCAC,20024,8983
CTGGTGGTGTAGACAA,14582,6854
CTGTAACGACATTCAG,5073,2478
CTGTAAGTGAGAGGCT,10391,4857
CTGTCGTTGAGTGGTG,8085,3951
CTGTCGTTGCAGACCC,1061,567
CTGTCGTTGCGACTAT,13856,6382
CTGTCGTTGCTCATCC,11813,5476
CTGTGCACTGACGCCT,17266,7635
CTGTGCACTTTGGCGC,14354,6446
CTGTTGCACGCCACGT,22229,9727
CTGTTGCACGTTGTCA,8052,3930
CTGTTGCTGCTATCTT,13762,6617
CTGTTGCTGTACTTTC,1424,709
CTGTTGCTGTCGGGCT,6663,3265
CTTAATCTGCTGGGTC,15538,7364
CTTAGAGACAGATTCC,15465,7057
CTTAGAGACCCAGCAC,21499,9890
CTTAGAGACCCAGGCT,12578,5946
CTTAGAGACCCTCGTT,6694,3293
CTTAGAGACCGAAAGC,24123,10381
CTTAGAGACGACGCCT,36401,15456
CTTAGAGACGCTGTTA,6317,3186
CTTAGAGACGTCTTGA,10903,5159
CTTAGATCTGATCCAT,4026,2022
CTTAGGCCTCTCCTAC,19023,8456
CTTAGGCCTTAGACAA,15143,6925
CTTAGGCCTTAGGAGC,10716,5157
CTTATGTTGCGGAAGT,22383,9345
CTTATGTTGGTCTTGA,19106,8489
CTTATGTTGTTCGTTT,9602,4651
CTTATGTTGTTGGGAG,4900,2432
CTTATTGTGAACTAGA,14284,6471
CTTATTGTGAAGGTGC,13955,6350
CTTATTGTGCTTAGTG,17225,7870
CTTATTGTGGCCGTTG,11387,5419
CTTATTGTGGCTGAGA,1930,1017
CTTATTGTGGGTAGAC,7919,3877
CTTATTGTGTTTCGCC,5313,2695
CTTCACGTGAAGGCTG,13733,6574
CTTCACGTGCCTCGTT,11083,5312
CTTCCACGAAGCAAGC,13252,6107
CTTCCACGATCGTAAC,11689,5670
CTTCCTACTGTTGACT,10598,5030
CTTCCTTTGTCTGTAG,10818,5189
CTTCTAAACGGTTGAG,5735,2722
CTTCTAAACGTCCCAG,8848,4443
CTTGACGCTCCACATA,42911,16311
CTTGACGCTCCCGCAA,8178,4059
CTTGACGCTCCGGCTA,1304,685
CTTGACGCTCTTTGTT,12420,6068
CTTGACGCTGCCCAAC,7542,3731
CTTGCGGGAAACGTTC,20991,9036
CTTGCGGGACTTAGTG,14886,7134
CTTGCGTACTCTGGGC,19070,8573
CTTGCGTTGCATTCAG,7552,3727
CTTGCGTTGCGACTAT,6258,3245
CTTGCGTTGTGTTGTG,25091,10991
CTTGCTGACCGTTATG,4590,2250
CTTGCTGACTGCTACA,15636,7145
CTTTAACTGAGGGAGG,20407,8961
CTTTAACTGATTGCCA,14437,7040
CTTTATGTGTGCAAGG,13036,6184
CTTTCCGGACGAACGA,17611,8091
CTTTCGGTGCCTAGTA,11861,5545
CTTTCGGTGTCCGTAA,11884,5388
CTTTCGTCTCGATTGT,8503,4217
CTTTCTGCTACACAAA,9623,4736
CTTTCTGCTCAGCAAG,8124,3959
CTTTCTGCTGCTCAGC,2430,1231
GAAAGTCCTAATAGCA,7071,3415
GAAAGTCCTTTTGGGT,4801,2579
GAAATCCACAATCCTG,23089,10463
GAAATCCACAGCTGAG,4803,2467
GAAATCCACGTTTGGT,10062,4768
GAAATCCACTGAGCAG,8695,4054
GAAATGAACTCCGTAA,32112,13341
GAAATGAACTGGAACG,5584,2852
GAACAAATGAAGTTCC,6705,3395
GAACAAATGAGTCTGT,26335,11074
GAACAACCTACTAGTC,11976,5778
GAACAACCTTAACCCA,3648,1925
GAACAACCTTACAGAA,2481,1313
GAACAACCTTTAGAAG,3271,1713
GAACCATACCGAACAG,4830,2496
GAACGCGCTCGGAATG,3556,1794
GAACGTTTGATGTCAC,3937,2079
GAACGTTTGCGATTCA,9265,4754
GAACGTTTGTTGCGTA,12888,6570
GAACTACTGACCATGT,9475,4592
GAACTACTGGCGCACT,8313,4274
GAACTACTGTAAGTAG,9017,4504
GAACTAGCTCTTTAGG,10010,5010
GAACTCCCTGCGAGTA,6731,3253
GAACTCCCTGCTTCGG,11049,4996
GAAGAATACGGTGTCC,7446,3717
GAAGCACGAACGCCAC,10428,5110
GAAGCACGAATCCTTT,8172,4031
GAAGCACGACGAACAG,10934,5277
GAAGCACGATCTGCAA,18069,7883
GAAGCAGTGTAGCAGG,12527,5789
GAAGCCCTGTGCACCG,17578,8207
GAAGCGCCTCCTACGG,10373,5179
GAAGCGCCTGAACATA,15759,7016
GAAGCGCCTTGGGCAA,7896,3864
GAAGCTTTGGTTAGAA,9893,4817
GAAGGCATGAAGGCCA,8107,4077
GAAGGCATGGCTTACA,6957,3463
GAAGTAATGAATCGAA,18448,8445
GAAGTATGAGCGGTAA,23340,10357
GAAGTCTTGCAATAGA,1868,966
GAAGTCTTGTTCGCCT,12253,5984
GAAGTGTCTGAACAGC,11019,5424
GAAGTGTCTGACACCC,13814,6246
GAAGTTCTGGATGGAC,8059,4031
GAAGTTCTGTGGTGAG,3572,1734
GAATCGGGACGAGGAT,10739,4996
GAATCGGGACGAGTGA,4120,2170
GACAAGGTGGATCATC,2344,1262
GACAATAGAAAGTTAG,6499,3340
GACACATTGAAATGCA,4640,2435
GACACCGTGAACTAGA,3080,1660
GACACGCACTGTGCTA,2041,1127
GACAGGAACCCAGCAC,3420,1808
GACAGGAACGCTAGAG,2721,1440
GACCACTCTCAGATTC,636,362
GACCAGGCTAAGTTCC,564,318
GACCCACGATGCTGTA,1377,760
GACCCATCTCCACAAT,1243,725
GACCGACACAACTAGA,1050,604
GACCTATGAAAATGCA,1813,1004
GACCTTAGACGAGGAT,556,317
GACCTTGCTATCATGC,953,550
GACGACAGACCGTGAC,1904,1053
GACGACAGACGGCTCA,2280,1183
GACGACAGAGACTGTT,2501,1336
GACGACAGATCCCAGG,1573,859
GACGCACTGAATCCGT,1559,822
GACGCACTGGAACATA,2757,1572
GACGCGACTAGTACGG,1458,778
GACGCGACTAGTCTGT,1218,665
GACGCGACTCCGATTA,5037,2689
GACTACTGAAAGGCTG,2791,1493
GACTACTGAACAGATA,5608,2798
GACTACTGACATGCAT,4805,2541
GACTACTGACGAGGAT,6488,3368
GACTATCGAGAATTGA,2430,1297
GACTATCGAGGTTGAG,2275,1216
GACTATCGATCTGCAA,3424,1868
GAGACTTACGCCCTGA,11775,5606
GAGACTTACTCGTACA,3435,1719
GAGACTTACTGGGCCT,9516,4623
GAGAGAAGACCGCTAG,2749,1394
GAGAGAAGACTGCCAG,8219,4099
GAGAGAAGATATGACC,19098,8865
GAGAGCCCTAGAGGCT,1736,905
GAGAGCCCTCGAATCT,10946,5431
GAGAGGTTGCATCCTC,18185,8275
GAGAGGTTGCTTAAGC,7322,3696
GAGAGTGACAATCCTG,10108,5047
GAGAGTGACGAGTGAC,20120,9039
GAGAGTGACGCACCCA,11689,5515
GAGATCACTCTGTGCG,12380,5941
GAGCATTTGCCATAAC,6341,3240
GAGCCTCGAAATGCGG,5949,3130
GAGCCTCGAGAATTGA,4279,2209
GAGCCTCGAGACAAAT,8222,4231
GAGCCTGACTTCAGTG,16269,7734
GAGCGATGAAGGGAGG,10641,5297
GAGGCAATGAACGTTC,7037,3526
GAGGCAATGAGCTGAG,13870,6589
GAGGCAATGGTCAATC,9236,4441
GAGGCAATGTACGATC,9647,4652
GAGGGATACTAATGCC,4770,2373
GAGGTCCTGCATTCAG,8613,4214
GAGGTCCTGTAGCAGG,4688,2383
GAGGTTGGAGCCACGT,4403,2237
GAGTCATTGGCTGAGA,4208,2136
GAGTCATTGGTACACT,7760,3879
GAGTCTCCTGTGAGCA,10958,4868
GAGTCTCCTTGCATGT,12297,5925
GAGTGTTACCCGGACT,15176,7207
GAGTGTTACCCTACGG,5137,2676
GAGTGTTACGCAGGAT,4343,2277
GAGTGTTACGCTGGCT,2950,1567
GAGTTACTGCGAACAG,8199,4060
GAGTTACTGCGAACGA,4818,2468
GAGTTACTGTGATGAA,10573,5195
GAGTTGTTGGCACTTA,5957,3030
GAGTTGTTGGGACAGT,6441,3144
GATAACCTGCGATGGA,4432,2319
GATAACCTGGCTCAGC,4742,2466
GATAACCTGGGATGGT,8017,3956
GATAAGAACTTACGCA,5153,2589
GATACCATGCTTCACC,8725,4275
GATACCATGGGCCTTG,2167,1123
GATACGGGAGCGCACT,6970,3439
GATACGTACACTAGGG,2727,1493
GATACGTACCGAGTGA,3659,1913
GATACGTACGTGAGCA,7480,3917
GATAGCGGAGCGCACT,1584,815
GATAGCGGAGCGGTAA,6654,3338
GATAGCGGAGCTCCTT,10952,5123
GATAGCGGATCAATGC,2980,1507
GATAGGTCTAGTTGAA,5831,3004
GATAGGTCTATTCTGG,7907,3953
GATATGAGAACGAGCA,7126,3508
GATATGAGATGCTCAA,9708,4826
GATCATGTGCCGATTA,7623,3829
GATCATGTGGTTGTCA,12145,5823
GATCATGTGTGGGCAA,6897,3581
GATCGCGTGGCATGAG,8125,3989
GATCTGCCTGCTTCGG,6086,2978
GATGAATGAGATCATC,9668,4711
GATGCATTGGCTGTTA,17839,8106
GATGCATTGTAATGCC,12157,5814
GATGCGCACCATGATC,15571,7330
GATGCGCACTCCCAGG,5067,2548
GATGGTTACGAATCTC,22114,10221
GATGGTTACTCTGTGA,9603,4701
GATTACGACCATCCTC,16032,7351
GATTACGACCCCGAGT,14963,7093
GATTACGACTTGGCGC,5259,2649
GATTCTGGAGTCGGTC,9526,4740
GATTCTGGATTTGGGT,11263,5281
GCAAACTACACCTGCG,5000,2573
GCAAACTACGCGCTGT,12509,6017
GCAAACTACTTGGCGC,13414,6278
GCAAATCTGTGGTGAG,868,442
GCAACTTGAGCACGCT,23852,10506
GCAACTTGATCATGCA,15089,7202
GCAATCATGTGGGCCT,6210,3141
GCACAATACGTACGTT,7977,3885
GCACAGCACAGTCTAC,4809,2504
GCACAGCACCGGTTTA,15166,6994
GCACAGCACCTCATTT,6074,3194
GCACAGCACGCTTACA,6660,3345
GCACAGCACTACCTGA,11727,5593
GCACGACACGGTAGAC,8635,4110
GCACGGACTAGGCGTA,3406,1798
GCACTCACTCAGTCTA,17786,8454
GCACTCACTTGAACAA,8453,4225
GCACTGTCTGAAACAT,7875,3976
GCACTTCTGCAGGTGA,13255,6350
GCAGACCTGAATGCGG,17293,7746
GCAGACCTGATCCGTA,17791,8154
GCAGACCTGGTTGTCA,11598,5656
GCAGACCTGTGCGTGC,5803,2945
GCAGACGCTCGATTCA,11666,5705
GCAGGTCTGGTCTTGA,12067,5718
GCAGTATTGACGCGAA,24986,11176
GCAGTCGACAGTCGGA,3236,1726
GCAGTCGACTGCTACA,1197,620
GCATATCGAACTAGTC,6256,3098
GCATATCGAGCATGAG,6923,3456
GCATCAATGCACTCAA,5810,2903
GCATCACCTGCTGAGA,7378,3632
GCATCACCTTGGCTGC,8682,4299
GCATCCTTGACCTTGA,11656,5508
GCATCCTTGTAGGTTC,6419,3083
GCATCTCTGCCTCGTT,3522,1795
GCATCTCTGCCTGCGA,9370,4474
GCATCTCTGCGGAATG,11371,5374
GCATGGGCTCTCATTT,3648,1811
GCATGGGCTGCTGGCT,3349,1688
GCATGGGCTTGATCAC,17251,7922
GCCAATATGAATCGCT,9542,4462
GCCAATATGTACAGCT,6426,3262
GCCAATTGACAAGGTG,8767,4265
GCCATTCACAGATTCC,4456,2235
GCCATTCACCCGCAGT,15857,7292
GCCCTTAACAATCCTG,8971,4342
GCCGACAACCGATGTT,8354,4223
GCCTAAATGAGGACAC,19907,8794
GCCTAAATGCTCTGGG,10290,5023
GCCTAAATGGACACCC,12114,5950
GCCTAAATGTCTGTAG,18693,8630
GCCTAGTCTATCGGTT,4621,2308
GCCTAGTCTCAATAGA,8052,3997
GCCTAGTCTTTGTACG,17043,7935
GCCTATAGATTGACCA,9572,4712
GCCTCTTGACGTTAGT,10654,5122
GCCTCTTGACTGCGGT,5855,2935
GCCTCTTGAGCTGGCT,5930,3006
GCGACAAGAAATGCGG,9338,4297
GCGACAAGATCCCGTT,11488,5456
GCGACGTTGCCACTTC,8353,4082
GCGACGTTGCGTTATG,18319,8270
GCGACGTTGCTTCACC,7220,3653
GCGAGAATGATCCTCC,12149,5897
GCGAGCACTACCAGTT,3358,1758
GCGAGCACTCCGGACT,5119,2620
GCGAGCACTTTCAGTG,6381,3149
GCGATCCGAAGCCATT,10936,5122
GCGATCCGAAGTACGG,8473,4175
GCGCAGTTGAATGCTC,5560,2808
GCGCAGTTGATTAAGG,2446,1141
GCGCAGTTGCCTGCGA,10860,5422
GCGCAGTTGGAGCTGA,7686,3722
GCGCGAACTGCGCAAA,19721,8994
GCGCGAACTTTGACAC,16773,7911
GCGCGATACAAGTTAG,9800,4613
GCGCTACGACTTGTGA,8094,4009
GCGCTACGATCGTAGT,7343,3681
GCGGCAACTGCATGAG,5637,2830
GCGGTTCGAGCAGTTT,11670,5575
GCGTAAACTTGTGCTA,21196,9064
GCGTAAGGAATGAATG,10067,4834
GCGTATATGGAGAGGG,10345,4745
GCGTATATGGGAATGC,31801,12683
GCGTCGATGACACCTA,4593,2393
GCGTCGATGCTTGTGA,3739,1879
GCGTCGATGGACTGTT,915,486
GCGTCGATGGGACCAA,1074,567
GCGTCTTTGTAACGAA,4868,2423
GCGTCTTTGTTACGCA,9664,4709
GCGTGCTGACAGACCC,14961,7252
GCGTTAATGACAGGTG,25556,10712
GCGTTAATGGAAGGCT,12738,6145
GCGTTCTACAGGTGAC,7275,3714
GCGTTGTCTATTCTGG,12392,5669
GCGTTTAGACAGTCCG,39838,15716
GCGTTTAGATCTGTAG,6254,3168
GCGTTTAGATGCGGCT,28654,11691
GCTAAGACTAGGGCTA,11143,5409
GCTACAAACAAGTAAC,12852,6203
GCTACAAACCTTAGTG,21868,9523
GCTACAAACGCTCTTC,3544,1829
GCTACAAACTGCGCCA,25891,11347
GCTACGGACCAGCACC,7127,3554
GCTACTGCTCGATGTT,3920,1978
GCTACTGCTCTTCACC,11827,5641
GCTAGTCCTCAGGTGA,13963,6707
GCTATACGAAATCGCT,6574,3333
GCTATACGACCGGACT,12164,5832
GCTATACGACGAGTTT,15465,7432
GCTATACGAGACTGTT,3272,1802
GCTATCCTGCTTGTGA,6418,3176
GCTATCCTGTATTGCG,3739,1913
GCTATGATGGTTGGTT,17987,8397
GCTATGATGTGGCTGC,9031,4428
GCTATTGGAATGTCCA,9924,4824
GCTATTGGACGAGGTA,23458,10533
GCTATTGGATATCTGG,13580,6430
GCTCATAGAACTAGTC,2691,1400
GCTCATAGAGGACACA,6735,3405
GCTCATAGATAGGAGC,9295,4453
GCTCGATCTTATCTGG,16768,7609
GCTCGTGGAAAGTAAC,5360,2756
GCTCGTGGAGAAATCA,6375,3231
GCTGAATTGCAGACCC,10684,5258
GCTGAATTGCAGTCTA,3434,1682
GCTGAATTGTTAGAAG,15588,6946
GCTGGAAGATGTTCCC,5455,2697
GCTGGACACGTACTAC,6496,3230
GCTGTGGTGAGCCATT,26367,10712
GCTGTGGTGGAAGTTA,15769,6994
GCTGTTCTGTGGGCAA,9651,4697
GCTGTTCTGTTGACCA,7729,3805
GCTTACCACATGTGGG,3209,1570
GCTTCGGGAAAGGCTG,6268,3148
GCTTCTCGATCCAATG,19727,8668
GCTTCTCGATTAGAAG,11382,5508
GCTTCTGACAGCAGGT,28018,11737
GCTTCTGACCCTAGTA,10962,5197
GCTTCTGACGGGTAGT,15097,6950
GCTTGTCACCTCGAGC,13159,6125
GCTTGTCACGCTACGC,9917,4854
GCTTGTCACTACCAAC,2179,1120
GCTTTAGGAGAGTAAT,15098,7210
GCTTTCCGACGCAAAG,10169,4868
GCTTTCCGACTTCACC,33894,13853
GCTTTGCACCATGATC,16575,7708
GCTTTGCACCCGTGAC,8694,4365
GCTTTGCACTACAGCT,10564,5071
GGAACATCTCTGCCAG,9261,4490
GGAACTACTAATCGCT,8814,4383
GGAACTACTTTCAGTG,7002,3404
GGAAGGACTGCTTACA,15478,6941
GGAATGGTGAATCGAA,5596,2821
GGAATGGTGGGACACA,9314,4587
GGACACAGAAAAGCTA,5369,2686
GGACACAGAAGTCGGA,5032,2545
GGACACAGAATCCTCC,9981,4994
GGACACAGATGCTCAA,14033,6383
GGACATTTGCTGATCA,15032,7251
GGACGAATGCGGCTCA,7330,3653
GGACGAATGCTCGATA,5184,2595
GGACGAATGGAACCTT,4653,2424
GGACGAATGTAATCGC,7184,3504
GGACTTAACATTGGTC,17186,8069
GGAGTTACTCGAGTTT,8046,3853
GGAGTTACTCGGTTGC,8581,4297
GGATACTACAATCCGT,11227,5444
GGATATAGAGTTTACG,22487,9989
GGATCCCGAGGGTAGT,12838,6170
GGATGCCTGAGTCTGT,24675,11102
GGATGCCTGGTCGGTC,6144,3172
GGATGCCTGTTGTGAC,11122,5376
GGATGGAACCGCACTG,6404,3053
GGATGGAACGAATTGA,20543,9256
GGATGGAACTTGGTTG,1224,612
GGATTAAGACCGGCTA,1170,595
GGATTAAGATCGTAGT,7775,3834
GGATTTGACGAACAGC,25156,10853
GGATTTGACGGTTGAG,5043,2409
GGATTTGACGGTTTGT,26396,11565
GGATTTGACGTCCCAG,6388,3085
GGATTTGACTTGGGAG,17969,8185
GGCAACAGAAGAGGCT,18649,8495
GGCAACAGAAGGGCTA,4396,2201
GGCAACAGACCAACGC,28193,12015
GGCAACAGACCTTTGC,14172,6461
GGCAACAGATCGTAAC,15953,7272
GGCAACGCTACACCGC,14077,6775
GGCAACGCTTCGTAAC,16538,7435
GGCACAAGACATCCTC,3078,1581
GGCACACACATAACCC,4890,2465
GGCAGTAGACTGTACA,5626,2863
GGCAGTAGATCAATGC,7394,3636
GGCAGTAGATTTCTGT,8195,4064
GGCCTTTACTTACGAC,4884,2626
GGCCTTTACTTGACCA,7413,3859
GGCGACACTCGCAACC,21636,10003
GGCGACACTCTGAGAG,9266,4430
GGCGACACTGAACCTT,12299,5935
GGCGTACACCAAGTAA,6347,3247
GGCGTGACTAGTGGTG,14553,6970
GGCGTGACTATCGGTT,2047,1046
GGCGTGACTTCATGCA,12473,5858
GGCGTTTCTTAACTCG,21058,9505
GGCTGACTGAAGTCTC,17918,8421
GGCTGACTGCAGGGAT,10088,5002
GGCTGACTGGACTCGC,13120,6165
GGCTGCAACTAACGAA,12844,6293
GGCTTAAACAAAGCTA,7256,3662
GGCTTAAACCCGCTAG,6313,3195
GGCTTCTACTTCGGGC,8550,4211
GGCTTGCGACCTCAAA,14688,6959
GGCTTGCGACGACTAT,14190,6593
GGCTTGCGATGGCTTA,21880,9962
GGGAAAGCTCAGGTGA,4232,2128
GGGAAAGCTCGAACAG,4213,2148
GGGAACCCTTTGGCGC,22834,10508
GGGAGAACTTTGCAGT,7973,3909
GGGATCAGATCTGTAG,15524,7568
GGGATTGGAGGCCTGT,9318,4525
GGGCGATCTGAATTGA,3707,1904
GGGCGATCTGTACACT,5088,2617
GGGCGATCTTGAGCAG,4341,2242
GGGCTTCGAAATCCTG,7201,3339
GGGCTTCGACGAACGA,12046,5601
GGGCTTCGACGCACTG,7941,4049
GGGCTTCGAGATAGCG,5487,2798
GGGTAGAACAGCTTTG,15338,6916
GGGTAGAACGAACGTG,9570,4669
GGGTAGTGACAGGGTA,2885,1497
GGGTAGTGACCAGCAC,8613,4298
GGGTAGTGATAGCAGG,11847,5604
GGGTAGTGATGAGTAA,7764,3680
GGGTATACTCCAACGC,8201,3957
GGGTATACTTAGGCGA,8214,4075
GGGTATGGACTTGAAC,3419,1722
GGGTATGGAGCTACGC,17340,8177
GGGTCACACGGACACA,10724,5307
GGGTCACACGGATGGT,5686,2871
GGGTCGACTTCATGCA,6168,3110
GGGTCGTACGGCCTGT,1111,584
GGGTCGTACGTACTAC,5028,2564
GGGTGAAACAGCCCTG,27453,11863
GGGTTCTCTATGAATG,7591,3828
GGGTTCTCTCCGTGAC,14927,7140
GGGTTCTCTGGCCAAA,4321,2181
GGGTTGCTGCGATTCA,17004,7861
GGTAAGCGACCGCTAG,20873,9324
GGTAAGCGACCTGCGA,17936,7460
GGTAAGCGAGCTAGAG,22499,10037
GGTACCTCTATGGCCC,34561,14026
GGTACGCTGAGGGCTA,4151,2110
GGTACTCCTTGCGTGC,4615,2339
GGTAGCAGAGTTTACG,12669,5761
GGTAGCAGATCATGCA,17992,8138
GGTAGTTTGATGTCAC,28020,11976
GGTAGTTTGTAAAGCA,10374,5103
GGTATACTGCATGATC,13974,6743
GGTATGACTAGAGGCT,14899,7016
GGTATGACTTACAGCT,12254,5856
GGTATTGACCTGGGTC,12300,5851
GGTATTGACCTTCACC,6783,3383
GGTATTGACGAACCTT,12863,5901
GGTATTGACGGGTAGT,6036,3016
GGTCAAGGAAGCTTGT,1033,529
GGTCAAGGAAGTACGG,20409,9582
GGTCAAGGATTCGGGC,8144,3993
GGTCAGAGACGTAGAG,19771,8640
GGTCAGAGAGCACTTA,9020,4331
GGTCAGAGAGCTCAGC,23034,10046
GGTCAGAGATTAGCTG,13414,6278
GGTCGTTCTACCTAGT,4580,2361
GGTCGTTCTTGCAAGG,2777,1404
GGTCTAAACGCACCCA,17559,8305
GGTCTGGACCAATAGA,5000,2516
GGTCTGGACCATGCGC,10169,5025
GGTCTGGACCGTAGAG,8452,4151
GGTCTGGACTCTGCAA,10713,5150
GGTGAGATGAGCAAGC,18049,8176
GGTGAGATGATTAAGG,1374,740
GGTGAGATGCCTAGCG,9106,4513
GGTGAGATGCTCACTC,6334,3235
GGTGAGATGGGAATGC,14206,6658
GGTGAGATGTAACCCA,6319,3089
GGTGCGTTGACAGGCA,16491,7336
GGTGCGTTGGAAATCA,7346,3507
GGTGCGTTGTCGAGAG,18490,8327
GGTGGAAACGGACAGT,19468,8571
GGTGGAAACTTTCCGC,1730,914
GGTGTAACTATGTCAC,8790,4368
GGTTCAATGAAGTTCC,7414,3720
GGTTCAATGACAGGCA,10224,4645
GGTTCAATGTGACCTA,19269,8752
GGTTCACCTGACATAA,10331,5110
GGTTCACCTGCTTCGG,13350,6183
GGTTCACCTTGCCACG,19605,8994
GGTTCATGAAACCAAA,11471,5842
GGTTCATGACTCATCC,11813,5606
GGTTCCTTGATTCTGG,7061,3506
GGTTCCTTGTGACCTA,3032,1564
GGTTGAACTGAATTGA,12986,5997
GGTTGAACTGTTTACG,11899,5867
GGTTGAACTTCCAGCG,28553,11821
GGTTGGAGAAATGCTC,14637,7085
GGTTGGAGAACCTTGA,15615,7155
GGTTTAGTGAATCTGC,5455,2803
GTAAAGCCTCCAGCTG,13984,6564
GTAAAGCCTTGCACCG,17297,8217
GTAACTCGAGCACCCA,6210,3122
GTAAGAAACAAACTGA,9655,4265
GTAAGAAACGCGCACT,2956,1478
GTAAGGCGAATTGCCA,4121,2122
GTAAGGCGATTTCCGC,5389,2663
GTAAGGGTGGCTGTTA,2271,1177
GTAAGGGTGTCCCGTT,11896,5760
GTAATCTCTCGAAGCA,11437,5470
GTAATCTCTCTGTGCG,5910,2836
GTAATCTCTCTTGTGA,10410,5093
GTAATCTCTTGACTCA,7575,3818
GTACACTGACTGAGAG,24841,11259
GTACACTGATGGTCCG,7886,3867
GTACATCGAAACCCGC,15598,7255
GTACATCGATCATTTC,11481,5376
GTACATCGATCCCGTT,4842,2437
GTACCGGACAAAGTAC,2662,1489
GTACCGGACCCAGAGA,3005,1657
GTACCGGACTCTATCT,2074,1159
GTACCGGACTGACCTA,2115,1159
GTACTCAGAAAGGTGC,17130,8097
GTACTGAACGGCATTT,18659,8475
GTACTGCCTATCACAC,10135,4930
GTACTGCCTCTAACGT,11718,5612
GTACTGCCTGAGTGAC,4879,2488
GTAGAGCGAAAACATG,10424,5191
GTAGAGCGAACTCGAT,8804,4462
GTAGAGCGAATCACAC,17036,7665
GTAGAGCGATAAAGCA,10761,5128
GTAGATAGAATCCTAG,13149,6033
GTAGATAGACAGGTGA,3619,1860
GTAGCATACCATGCTA,2630,1399
GTAGGCGCTGTCCCAG,2247,1195
GTAGGCGCTTCGTACA,13616,6163
GTAGGTGGAAATCTGC,10640,5147
GTAGGTGGAACGCCAC,6692,3372
GTAGGTGGACGAACAG,13835,6311
GTAGGTGGATTCGGGC,13652,6405
GTAGGTTTGGACAAAT,2269,1175
GTAGTTGACAATCCTG,8729,4306
GTATAGCTGTTTGTCT,10260,5114
GTATAGGCTCCAGAGA,33581,13793
GTATCACGACATGATC,8408,4158
GTATGAAGAAGATTCC,13203,6248
GTATGAAGAAGGTGAC,890,450
GTATGAAGACGAAGCA,11917,5691
GTATGAAGAGCGGTAA,15900,7476
GTATTCACTTCTTTGT,6816,3284
GTATTCTACATCAGGG,3752,1908
GTATTCTACCTGGAAG,6927,3481
GTATTCTACGACAAAT,6553,3368
GTCAACTGAAACCAAA,10578,5043
GTCAACTGATCGTAGT,15011,7222
GTCACAAACGAAGTTA,3564,1807
GTCACAATGCAGTCCG,7679,3750
GTCACAATGCTGTACA,9323,4520
GTCACAATGCTGTGCG,13099,6227
GTCACGCGAAGTCGGA,4460,2216
GTCACGCGATTGGTTG,7435,3664
GTCATATCTAGGCATG,2302,1103
GTCCCAGGAACCTTGA,3761,1945
GTCCCAGGAAGGTAAT,9391,4712
GTCCCAGGACGCTCGA,13813,6605
GTCCGAGTGGCGCTGT,12363,6011
GTCCGAGTGGCTCAGC,20488,9386
GTCCGTTACACCAAGG,5872,3090
GTCCGTTACTGCTACA,4431,2366
GTCCTACACTTGGCGC,5836,2976
GTCGAAGGAGATTAAG,11909,5844
GTCGACCGACTCACGG,1354,701
GTCGACCGAGCTTTGA,3375,1777
GTCGATAACCTGCGGT,12835,6306
GTCGCATCTACGCGAA,10321,5221
GTCGCATCTCATGATC,16764,7445
GTCGCATCTTTACGAC,20916,9728
GTCGTGGTGAACGTGG,2110,1108
GTCGTGGTGAAGTAAC,11371,5632
GTCTACAGAAACGTTC,3861,1965
GTCTACAGAAGACTTC,5049,2513
GTCTACAGACATCTTT,8530,4391
GTCTACCACCCCGAGT,4742,2453
GTCTACCACTTACGAC,3829,1931
GTCTCGTACCACAGTT,5697,2912
GTCTGGCGATAAGCAA,3621,1827
GTCTTGCACAATCGAA,8947,4465
GTCTTGCACATCCTAG,6791,3374
GTCTTGCACTTGACAC,8327,4206
GTGAAGCGAATCATCG,14667,6926
GTGAAGGACTCCCGTT,8534,4279
GTGAGATCTAAAGCTA,12135,5721
GTGAGATCTATAACCC,11062,5495
GTGAGATCTCTAACGT,5246,2712
GTGATAAGAAATAGCA,17302,7771
GTGATAAGAAGCAATA,10842,5269
GTGCAGAGACGAGTTT,16696,7853
GTGCATAACCGATGTT,8815,4436
GTGCTAATGGAATGTA,9975,4932
GTGCTAATGGCGAGTA,8742,4304
GTGCTCACTACGTAAA,9591,4764
GTGGCAGCTTCGTCCT,1632,842
GTGGCAGCTTGAACAA,12160,5091
GTGGCAGCTTTACGAC,4892,2533
GTGGCTGTGACTAGTC,3996,2071
GTGGCTGTGCCAGCTG,3957,2050
GTGGCTGTGCGATTAC,7788,3826
GTGGCTGTGCTCATCC,7092,3533
GTGGCTGTGGTTCTCC,4210,2167
GTGGCTGTGTTGCGCG,1556,841
GTGGTAACTGCACGCT,13380,6176
GTGGTAACTTCTGCAA,12859,6238
GTGGTAACTTGCTGGC,8801,4282
GTGGTAACTTGGCAAG,7232,3526
GTGGTTAACAAACATG,12197,5701
GTGGTTAACTGATGAA,9992,4797
GTGGTTAACTTGGCGC,15833,7426
GTGGTTTGACTTAAGC,10855,5295
GTGGTTTGACTTAGTG,1917,999
GTGGTTTGAGTCAATC,9391,4609
GTGTAACTGGACACCC,8134,4075
GTGTAACTGTAGCGAG,6481,3240
GTGTACTGATCCAATG,6421,3361
GTGTGATACAAAGTAC,6579,3243
GTGTGATACCATACTG,5054,2587
GTGTGATACCTTGAAC,6824,3456
GTGTGATACTTCCATT,24241,10730
GTGTGATACTTCTGGA,11169,5260
GTTAAGAGAAGCAATA,8901,4329
GTTAAGAGAGATCATC,625,325
GTTAATCCTGAACCTT,4020,2037
GTTAATCCTGGCCTTG,18471,8298
GTTACAGTGGGCAGTA,8787,4316
GTTACAGTGTCCAGCG,11186,5380
GTTACAGTGTGCTACA,892,457
GTTAGTTCTGCTTACA,10257,5039
GTTAGTTCTTGATCAC,3728,1928
GTTAGTTCTTTTCCGC,14412,6414
GTTATGCGAACCAAGG,10717,5091
GTTATTGCTTTTCTGT,6394,2982
GTTCAGAACAAACATG,6676,3622
GTTCAGAACAGGTAAT,10566,5099
GTTCAGAACTGCAAGG,11985,5779
GTTCCCAACAAGCTAA,12592,6193
GTTCCCAACTGAACAA,8549,4101
GTTCCCATGCGCAAAG,4524,2325
GTTCCCATGCTTAAGC,9725,4764
GTTCCCATGTGAAAGT,6364,3078
GTTCCCATGTTCGTTT,8177,4025
GTTCCTGTGAACCAAA,9753,4549
GTTCGCTTGCCTGCGA,2798,1465
GTTCGCTTGCGGTTTA,31573,12922
GTTCGCTTGTGTTGTG,23594,9895
GTTCGGCGACAGGGTA,1518,794
GTTCTCGACAGGTGCA,18168,8455
GTTCTCGACTCCCAGG,5411,2789
GTTCTGGCTGAACATA,14239,6729
GTTCTGGCTGTTTGGT,6378,3146
GTTGAAGCTACTAGGG,18874,8701
GTTGAAGCTCTGGCAC,15601,7416
GTTGACTGATGCATCA,7940,3949
GTTGACTGATGTCACA,5713,2911
GTTGAGTTGAGTACGG,16029,7294
GTTGAGTTGCCAGCTG,8310,4232
GTTGAGTTGTGAGTAA,8585,4221
GTTGATGACCTGTGCG,8240,4209
GTTGATTCTGGACCTC,17097,7922
GTTGATTCTTCCTACC,16601,7778
GTTGCTAGAAAGGCCA,19972,9046
GTTGCTAGACAATAGA,32639,14002
GTTGCTAGACACCTAA,7971,4042
GTTGCTAGATGCACCG,18827,8650
GTTGTGATGGAGCCTC,12913,6266
GTTGTTGGAAGGCATG,12003,5353
GTTGTTGGACCACAAT,1363,683
GTTTCATTGCTGATCA,5489,2680
GTTTCATTGGAATAGT,8315,4186
GTTTCATTGTTCTGGA,27828,12302
GTTTCCCGAGCACCCA,9951,4971
GTTTGAGACAAGTAAC,10708,5329
GTTTGAGACTCGACAT,11232,5384
TAACCAGACAATACAG,9366,4668
TAACCAGACAGTGGTG,5258,2697
TAACCAGACGGACAGT,31391,13023
TAACGAAGAAGGACAC,12713,5919
TAACGAGCTCGACAAG,18965,8614
TAACGAGCTGCTCAGC,8640,4100
TAACGAGCTTGATGAA,8990,4425
TAACGCATGGGTAGAC,2519,1302
TAACGCATGTTAGAAG,9155,4487
TAACGTTCTGCTCTTC,13841,6448
TAACTCACTCCAGGCT,1873,897
TAAGCACACGCGTATT,5760,2889
TAAGCACACTGCTTGA,5613,2736
TAAGCTGACAGCTTGT,14229,6842
TAAGCTGACTCTGTGA,7853,3788
TAAGCTGTGTAACCCA,9165,4569
TAAGGCTTGCAGCACC,6753,3404
TAAGGGCGACGATTCA,15337,6906
TAAGGGCGAGCTGAGA,10484,5161
TAAGTGCACATGGCCC,3516,1811
TAAGTGCACCCGTGAC,6254,3050
TAATAGGGACTGCCAG,20984,9134
TAATAGGGAGGAATGC,12211,5512
TAATGAGGAAGACTTC,7298,3497
TAATGGGCTAAAGTAC,4869,2464
TAATGGGCTTTACGCA,5614,2869
TAATTGCCTGCTCAGC,9479,4613
TAATTGCCTTTTCCGC,1512,761
TACAACCGAGCACCCA,20022,9248
TACAACCGAGCGCTGT,28207,10862
TACACAGACATCACAC,10873,5242
TACACAGACGTTAGTC,9418,4703
TACACGTGACCTAACA,13203,6301
TACACGTGAGGGTTCC,19694,8803
TACATTCACAACCAAA,12082,5943
TACATTCACCGACATT,10024,4844
TACATTCACGTCCCAG,9011,4422
TACATTCACTACGTTG,11679,5724
TACATTCACTGGGCAA,18575,8670
TACATTGCTCCAGCAC,13074,6194
TACATTGCTCGAGTGA,7055,3530
TACATTGCTCTGCCAG,15070,7116
TACCACCACTGGGCCT,18332,8387
TACCACCTGCCTATCC,14296,6644
TACCACCTGCGGCTCA,13880,6537
TACCACCTGGTACACT,17770,8412
TACCAGTGAAGATTCC,25832,11424
TACCCGTTGGATGGAC,9861,4818
TACCCGTTGTGCACCG,9493,4553
TACCGACCTCCTTCCA,8321,4290
TACCGACCTTGCTTGA,7005,3570
TACCGCTACGCAGGAT,3332,1729
TACCGCTTGAAAGTAC,14215,6441
TACCGCTTGCCGGCTA,5313,2727
TACCGCTTGGAATAAC,18644,8255
TACCGCTTGTTATGGC,4439,2310
TACCTCGACACAACAA,22309,9627
TACCTCGACCCGATTA,11168,5477
TACCTCGACCGCAAAG,8064,4046
TACCTCGACTCTGTGA,6611,3333
TACCTCGACTTCTCGC,4296,2139
TACCTCTCTCGAGGAT,692,353
TACCTGCTGAATCGAA,7402,3749
TACCTGCTGGGAATAT,14256,6892
TACCTGCTGTAGCGAG,5205,2575
TACCTTCCTGCGGTTC,14500,6613
TACCTTCCTTCATGCA,8059,3951
TACCTTCCTTCCGTAA,14746,6964
TACCTTCCTTGACTCA,10565,5053
TACCTTCCTTGAGCAG,12626,6055
TACGAGTTGCACAGTT,10550,5038
TACGATGACCTGGGTC,14781,7028
TACGCCTTGCCAGGCT,6496,3247
TACGCCTTGGCTGGCT,7890,3891
TACGCCTTGTCTATCT,5913,2948
TACGTGAACGCGCACT,7346,3693
TACGTGAACTTTCGCC,1423,756
TACGTGTGAAGACAAT,4052,2023
TACGTGTGATGAGCAG,5772,2913
TACGTTTACAATCCAC,3161,1620
TACGTTTACTCTTTGT,28887,12374
TACTAACCTACACCTA,15980,7177
TACTGGCCTCATACTG,14857,6883
TACTGGCCTCGCTCGA,18587,8885
TACTGGCCTTTTCGCC,7995,3947
TACTGTACTATCCTAG,8308,4214
TACTGTACTCACCTAA,22154,9914
TACTGTTTGCCTAGCG,4297,2165
TAGAACCACACCGTTA,9287,4468
TAGAACCACCTTGTGA,14085,6560
TAGAACCACGGGACTA,10681,5032
TAGAACCACTTTCGCC,7275,3516
TAGACCTGAGACACCC,13174,6216
TAGAGAAACATCATGC,10334,5074
TAGAGAAACATGTCCA,6289,3123
TAGAGCGGACTTGAAC,13093,6410
TAGAGCGGATCGGGCT,1040,483
TAGCAGACTAACGTGG,6063,2946
TAGCATTCTGGACCTC,11769,5709
TAGCGCGACTAACCCA,14039,6279
TAGCTCGCTCGGTTTA,5248,2663
TAGCTCGCTCTTAGTG,20545,9233
TAGCTCGCTTCCCAGG,2152,1116
TAGCTGATGAATAGCA,1358,700
TAGCTTTACAAACATG,12716,5600
TAGCTTTACGGACAGT,12165,5937
TAGGATAGAGGGTTCC,37007,14769
TAGGATAGATCTATCT,21576,9566
TAGGATAGATTTGGGT,11729,5674
TAGGCCTCTAACGTGG,16700,7900
TAGGGACGACTGATCA,16924,7718
TAGGGTTTGCGAGTGA,10462,4967
TAGGTAAGACCTGAGC,5103,2615
TAGGTAAGATGGTGAG,2047,1015
TAGTACCGACTTTGTT,1827,945
TAGTCCGCTAGCTTTG,12326,5833
TAGTGCATGGCTGTTA,5180,2615
TAGTGCTGAACCGTGC,30780,12942
TATAGCCGAAACGTGG,18702,8156
TATAGCCGAGTCAATC,8790,4340
TATCACTACGGAATTA,1780,949
TATCAGCGAAAGCTAA,4091,2033
TATCAGCGAGGAATTA,6111,3114
TATCAGCGATGCAAGG,8760,4338
TATCCATACCTTAGTG,7253,3519
TATCGATCTCGCACTG,9122,4482
TATGCTTTGAGTGAGC,9722,4601
TATGCTTTGATTCTGG,10384,4967
TATGCTTTGCAGCACC,4171,2061
TATGCTTTGTAACGAA,7244,3654
TATGCTTTGTGCATCA,18006,8119
TATGGAGCTAATCCTG,8880,4372
TATGGAGCTATCTGTG,10516,5124
TATGGAGCTCTTCACC,13218,5890
TATGGAGCTGAGTAAT,10480,4931
TATGGGTACCCGGCTA,6487,3195
TATGGGTACTGATCAC,4367,2188
TATGGTTCTAAAGTAC,35836,14584
TATGGTTCTCAACGCC,4622,2412
TATGGTTCTCATTCAG,14717,6522
TATGGTTCTGACTGTT,3816,1876
TATGGTTCTGATGGAC,3942,1954
TATGGTTCTGTACACT,9105,4497
TATGTACCTATCAGGG,6157,3185
TATGTACCTCGACTAT,12992,6210
TATGTACCTCTTGTGA,14090,6752
TATGTACCTGCTTCGG,10478,5001
TATTCAGCTGTCGGTC,3277,1667
TATTCAGCTTAAAGCA,5232,2686
TATTCCTGAAATCGAA,12763,6023
TATTCCTGACGATCGC,6659,3337
TATTCCTGAGCCCAAC,10143,5014
TATTCCTGATGACTCA,11649,5715
TATTGGTCTACAGATA,10593,4803
TATTGGTCTTTCTCGC,7734,3639
TCAAAGCACATCCTTT,13371,6060
TCAAAGCACCCAGCAC,9919,4834
TCAACAGACACAGGTG,1693,879
TCAACATCTGCAGGAT,8046,3925
TCAAGCAACTTGGGAG,5179,2658
TCAATGGACAGGCATG,5342,2709
TCAATGGACTTTGGGT,5879,2923
TCACACAGACGTGCAC,5936,2905
TCACACAGACTGTGCG,18819,8201
TCACACCTGACAACAA,6181,3153
TCACACCTGAGTACGG,7218,3562
TCACACCTGCTGCGGT,4156,2119
TCACACCTGTCCCGTT,5434,2750
TCACACCTGTGCTGGC,9501,4563
TCACATTACGAATTGA,6053,3040
TCACATTACGCTGGCT,5306,2716
TCACCCATGTCTTTGT,8412,4235
TCACCTGACGCTCAGC,6516,3230
TCACCTGACGGGTAGT,27020,11345
TCACGGGACCTTCAAG,45626,17452
TCACGGGACTTAGCTG,6411,3239
TCACTATTGAATCGAA,8770,4256
TCAGACCCTTACCTGA,1093,561
TCAGCCGGACAGACCC,13606,6351
TCAGCCGGATAAAGCA,9057,4309
TCAGCGCGACAGATTC,9491,4762
TCAGCGCGACCTAGCG,13828,6499
TCAGCGCGACCTATCC,10695,5201
TCAGCTAGACGAGTTT,7360,3703
TCAGGAGGAATCCGTA,11569,5568
TCAGGAGGACTGCCAG,18929,8557
TCAGTCCACGCGTATT,13966,6561
TCAGTCCACTTGGGAG,7837,3964
TCAGTCCTGCCAAACT,10611,4907
TCAGTCCTGCCGATTA,8267,4166
TCAGTCCTGCTCATCC,5694,2873
TCAGTCCTGTGACTCA,13922,6685
TCATTCTGAATGTGGG,13222,6342
TCATTCTGACGATGTT,27626,11321
TCATTCTGAGCACGCT,1929,1002
TCATTCTGAGGAATAT,11951,5725
TCCAAAGTGCTTAGTG,13180,6309
TCCAAAGTGGGTGCAA,3713,1916
TCCAAAGTGTGTCACA,10444,5209
TCCATATACCACCTAA,3034,1560
TCCATATACGCGTATT,12527,6078
TCCATATACGGACCTC,10517,5168
TCCATGGCTACCCGGT,6390,3245
TCCATTCCTCCGTTAA,9184,4286
TCCATTCCTTGCACCG,10619,5068
TCCATTTGAATCGGTT,15829,7084
TCCATTTGACTGGAAG,6794,3425
TCCATTTGAGGTAGAC,15250,6795
TCCCACATGACCTTGA,3780,1915
TCCCTGTGAAAACTGA,7116,3493
TCCCTGTGAAGCTTGT,8644,4011
TCCGAATGAGAATAGT,9542,4559
TCCGAATGATGGTGAG,4356,2193
TCCGACACTACACCTA,8314,4047
TCCGACACTGATCCAT,16520,7738
TCCGACACTGCGGTAA,9082,4509
TCCGACACTGCTTACA,6972,3460
TCCGAGCGAAGAGGCT,22768,10179
TCCGAGCGAGCAGGAT,9131,4568
TCCGAGCGATACGATC,23208,10099
TCCGAGTCTCATACTG,19140,9190
TCCGAGTCTGGTGCAA,7600,3924
TCCGCGAGATCTGTGA,4398,2036
TCCGGGATGAAACATG,20483,8975
TCCGGGATGAACGCAG,14511,6961
TCCGGGATGGCTAATC,39878,17181
TCCGGGATGTAGGTTC,13470,6213
TCCGGGTGACAAGTTC,8699,4386
TCCGTGGGATAACTCG,20058,8964
TCCGTGTTGTATCTGG,8612,4394
TCCGTTGACTATCTGG,9928,4853
TCCTACCGAATCGGTT,9237,4421
TCCTACCGAATTAAGG,35313,14116
TCCTACCGAGCTACGC,6723,3243
TCCTCATCTAAGGCCA,8512,4064
TCCTCATCTTCATTTC,22095,9598
TCCTGTGACGGACAGT,21416,9574
TCCTGTGACGGTTGAG,11448,5576
TCCTGTTCTCGACTAT,37291,15493
TCCTGTTCTCGAGGTA,8837,4396
TCCTTAAACGAACATA,9407,4671
TCCTTCACTTAAGTAG,7532,3791
TCCTTCACTTCATGCA,8101,4077
TCCTTGGTGCTAACGT,22884,10850
TCGAAGTACTGCATCA,8257,4118
TCGAAGTACTTTCTTG,10664,5292
TCGACCTTGGACATAA,6220,3116
TCGACCTTGTTACGCA,7120,3547
TCGACCTTGTTCTGGA,8175,3992
TCGACCTTGTTGGCGC,11357,5461
TCGACGGACAATCCTG,7893,3959
TCGACGGACAGACAAT,1330,685
TCGACTAGACAGGTGA,12368,5825
TCGACTAGATTACGAC,2188,1123
TCGACTCACCGCACTG,13921,6649
TCGACTCTGTCCCAGG,3304,1631
TCGATGATGCATGCTA,4010,2067
TCGATGATGTATGACC,4388,2244
TCGCACGGACGGTTGC,14238,6719
TCGCACGGAGAACATA,8538,4330
TCGCACGGAGCTACGC,10705,5197
TCGCATCACGACGCCT,9015,4472
TCGCATCACTATGACC,11728,5528
TCGCCGAGAGAATGTA,15689,7113
TCGCCTATGACCAAGG,1308,680
TCGCCTATGCGAATCT,8865,4430
TCGCCTATGGGACAGT,2964,1520
TCGCCTATGTGAGCAG,12062,5791
TCGCCTCCTAACCCGC,25684,10964
TCGCGGTGATCCAATG,8674,4319
TCGCTGGGATACAGCT,11117,5513
TCGGACCGAAGAGGCT,4307,2153
TCGGACCGAATAGCAA,2550,1309
TCGGACTCTAGGTCCC,7049,3470
TCGGACTCTTCGTAAC,7693,3816
TCGGCTTACCAGTCTA,9219,4521
TCGGCTTACGAGCTGA,5450,2703
TCGGCTTACGCTACGC,3904,1965
TCGGGTCGAAATACAG,6040,3098
TCGGGTGACAAGGCCA,11805,5469
TCGGGTGACCTCATTT,14800,7040
TCGGGTTCTATTCTGG,3840,1915
TCGGGTTCTTATGACC,2220,1171
TCGGGTTCTTCGTCAA,797,405
TCGGGTTCTTTTCCGC,10952,5446
TCGGTGCGACCTATCC,5495,2736
TCGGTGCGATGCTCAA,14130,6403
TCGTAATCTTGGGCAA,6328,3171
TCGTAGAACGAAGGTC,5206,2711
TCGTATACTATCGGTT,7711,3803
TCGTATACTGGACTGA,6284,3120
TCGTATGGAAATCGCT,22557,10206
TCGTCCAACCGTAACT,10002,5035
TCGTCCAACGTACTAC,7769,3799
TCGTCCAACGTTAGGG,13639,6502
TCGTCTGACATTCGGT,16536,7491
TCGTCTGACTCTGTAG,7094,3425
TCGTGAATGCGAAGCA,8795,4220
TCGTGAATGCGTGCAC,18026,8063
TCGTGAATGTCCAGCG,19162,8467
TCTAACGGACCTCAAA,12614,6016
TCTAACGGATAACGAA,15443,7308
TCTAACGGATTGTACG,25713,11094
TCTACAGGAACAGGTG,6164,3149
TCTACAGGAGCTCCTT,7796,3932
TCTACGAGAGGTTGAG,10523,5314
TCTACGAGATCGTACA,6204,3120
TCTACGCACCACCTAA,14135,6601
TCTACGCACCGGCTCA,6197,3138
TCTACGCACCTTCACC,6650,3357
TCTACGCTGAGGACAC,4241,2124
TCTACTAACCGAACAG,18644,8732
TCTACTAACGGCAGTA,5420,2742
TCTACTCCTGGACAGT,10022,4738
TCTACTCCTTAGCAGG,7622,3824
TCTAGACGAACTAGGG,10821,5354
TCTAGACGACTGGAAG,2709,1397
TCTAGACGATCGGGCT,3041,1603
TCTAGTGGACTTGAAC,6068,3061
TCTAGTGGAGCTGTTA,8533,4191
TCTAGTGGATCATGTG,7899,3898
TCTAGTGGATCGAGAG,23582,10648
TCTAGTGGATGTGCTA,15811,7086
TCTATGGGACCTAGGC,13584,6497
TCTATGGGAGCCACGT,8661,4277
TCTCAGAGACCCGCAA,6535,3215
TCTGAACGAGCCAGCT,6652,3358
TCTGAACGATAACGAA,775,397
TCTGGCTTGCAGCACC,8694,4217
TCTGGCTTGGCATGAG,10542,5357
TCTGGCTTGTTCTGAG,5350,2713
TCTGGTCACTTACGCA,4693,2435
TCTTATGACGCATGAG,13228,6363
TCTTATGACTGGAACG,7428,3616
TCTTCAAACAGTCTAC,943,480
TCTTCCTTGAATGCGG,12160,5895
TCTTGAGGACCTTCCA,9258,4549
TCTTGAGGACTAACGT,9625,4674
TCTTGAGGAGCGGTTC,7306,3522
TCTTGAGGAGCTCCTT,8414,4248
TCTTGAGGATGACTCA,8524,4250
TCTTGAGGATGAGTAA,20240,9216
TCTTTAGACAATCGAA,3370,1698
TCTTTCAGAACCAGTT,16957,7655
TCTTTCAGACAGCAAG,6193,3154
TCTTTCAGACTTCAAG,18466,8512
TCTTTCCACTTGTTTC,7868,3917
TGAAAGAACGGATGGT,10213,4846
TGAACTGTGTTGGCGC,22307,9282
TGAATGGCTTCTGTGA,15833,7376
TGACCCTACTAACGGG,13791,6538
TGACTCAGAATTGCCA,12888,6232
TGACTCAGACATGCGC,7960,3991
TGACTTGGAATTAAGG,7626,3680
TGACTTGGAGTCTGGC,9461,4569
TGAGAACCTAGTCTAC,6941,3431
TGAGAACCTGAGTGAC,7258,3616
TGAGAACCTGGCCTTG,3525,1734
TGAGAACCTTCGTCAA,4096,2057
TGAGAACCTTGCAAGG,18033,8815
TGAGAACCTTGGCTTA,1183,598
TGAGAATGAGCAGGAT,9065,4527
TGAGAATGATCGCTAA,16783,7562
TGAGACTTGAAATGCA,6403,3223
TGAGACTTGTAATGCC,9027,4348
TGAGATAGATTGGGAG,8580,4276
TGAGCCCGACGATCGC,8024,3708
TGAGCCCGACTCACTC,28494,12250
TGAGCCCGAGCTCTTC,8149,3897
TGAGCCCGATAACTCG,11601,5619
TGAGCGCACCTTGTGA,8147,3982
TGAGCGCACGACACCC,9538,4720
TGAGCTAACCTTTAGG,9091,4524
TGAGGAGTGAACCCGC,30887,12735
TGAGGAGTGATCCGTA,12035,5963
TGAGGAGTGCTCATTT,8828,4247
TGAGGCCACATCCTAG,7846,3815
TGAGGCCACCCTGCGA,21244,9215
TGAGGGATGCGATGTT,16039,7381
TGAGGTACTAGCCTAT,5943,3010
TGAGGTACTAGTAGGC,3509,1780
TGAGGTACTGGCAGTA,8328,4020
TGAGGTACTTCTGTAG,6583,3362
TGATATCCTGGGATTG,5067,2595
TGCAATGACCAAGTAA,11710,5801
TGCAATGACCAATGAA,9251,4612
TGCAATGACTCCAGCG,6543,3129
TGCAATGTGTGAGGCA,8302,3909
TGCAATGTGTTTGTCT,7906,3782
TGCACGGACCGAGGTA,10513,5135
TGCAGATACAGTACGG,7486,3765
TGCAGTATGATAACCC,4829,2461
TGCAGTATGGGACCTC,15776,7284
TGCATGCCTGCAGGAT,4464,2285
TGCCAAATGCGATTGT,10565,5173
TGCCACTTGAGTTGAA,15248,7135
TGCCACTTGATCACAC,30819,13478
TGCCACTTGTGCTCAA,13575,6309
TGCCGGAACGAGCTGA,2708,1427
TGCCGTGGAAGCTTTG,5605,2660
TGCCGTGGACCAACGC,11714,5476
TGCCGTGGAGCTTCGG,16192,7087
TGCCGTGGATACCTGA,8798,4410
TGCCGTGGATCGCTAA,8100,4041
TGCCGTTACAACCAAA,4385,2210
TGCCGTTACATGTCCA,2398,1264
TGCCGTTACTTGTGAC,11360,5542
TGCGAATACCATCCTC,15185,7084
TGCGACGACAGGTAAT,14808,6922
TGCGACGACATGTCCA,542,282
TGCGACGACCCACAAT,16301,7426
TGCGACGACCGAAAGC,21324,9659
TGCGACGACGTTTACG,20970,9536
TGCGCAGACCCTCAAA,9611,4627
TGCGCATCTGTCCCAG,5513,2692
TGCGCATCTTAGCTTG,10632,5165
TGCGGCAACTCGAGAG,6314,3220
TGCGGGACTCATCTTT,6683,3246
TGCGGGACTCGAGTTT,29375,12063
TGCGGGACTCTGAGAG,5236,2647
TGCGTCTACCCGCTAG,14082,7065
TGCGTCTACGGACCAA,3910,2007
TGCTAAGACCACCTAA,16048,7168
TGCTAAGACCATGCAT,6260,3140
TGCTAAGACGATCATC,2893,1482
TGCTACCTGGGAGTCA,7837,3869
TGCTACGCTAGCAAGC,14325,7157
TGCTACGCTTCTGCAA,8420,3943
TGCTAGTGAATCATGC,7244,3614
TGCTAGTGACGAACAG,24543,10968
TGCTAGTGACGATTCA,10580,5195
TGCTAGTGAGCGAGTA,8820,4157
TGCTCGACTCTGTACA,4450,2297
TGCTCGACTTCGTCAA,6369,3140
TGCTTCTCTCAAGGTG,7877,3917
TGCTTCTCTTAAAGCA,17278,7892
TGCTTCTCTTTGCGTA,12961,6008
TGCTTGCACGTTTGGT,7185,3347
TGGAACACTAAAGCTA,11336,5218
TGGAAGTCTACAGGCA,4317,2172
TGGAAGTCTCTGTGCG,11803,5661
TGGAAGTCTTACGATC,9440,4442
TGGAAGTCTTCTGGGC,8513,4285
TGGAATCACCTTCAAG,7288,3600
TGGAATCACGCATGAG,8109,4008
TGGAATGCTCGGTACC,11876,5570
TGGACAACTTTGCAGT,5331,2641
TGGACATACGCTCTTC,7704,3839
TGGACCTCTCAGGCCT,11327,5571
TGGACCTCTCCCGAGT,9704,4812
TGGACGCACTGCGTGC,8213,4175
TGGACTATGAGCGCTC,13736,6498
TGGAGTTACATCCTCC,14069,6512
TGGATCCCTACTAGTC,850,435
TGGATTGACACAACAA,6156,3040
TGGATTGACCCAAGTT,7882,3806
TGGATTGACGCTCAGC,21847,9846
TGGCAATTGTCTGCAA,8099,4017
TGGCATCCTACGAGCA,12905,6069
TGGCCGATGTCTATCT,15729,7381
TGGCCGATGTGATGAA,12088,5877
TGGCCTGGAGGACCTC,885,462
TGGCCTTTGGGCATTT,4516,2295
TGGCGTTCTTTATGGC,9550,4599
TGGCTAATGCCAGAGA,1055,531
TGGCTAATGTAAAGCA,7402,3655
TGGGAGTGACATGCGC,9425,4846
TGGGAGTGATGAAAGT,9857,4781
TGGGCGTACTAACGGG,10450,5283
TGGGTGCACACTAGTC,11306,5380
TGGGTGCACCAGCTGC,4833,2466
TGGGTGCACCGCTCGA,12677,5896
TGGGTGCACTACCTGA,975,498
TGGGTTTGAAATCCAC,13342,6013
TGGGTTTGAATTCGGT,11028,5355
TGGTAAGCTTATCTGG,12484,5774
TGGTCAAACGTTTACG,3802,1900
TGGTCCTTGCGAAAGC,16898,7939
TGGTCCTTGGCGCAAA,10347,4750
TGGTTAGACAACCCGC,7830,3909
TGGTTAGACCCATAAC,9993,4802
TGGTTTGGAAGACAAT,9312,4647
TGGTTTGGACCTGTGG,11207,5361
TGTAACGTGCCTACGG,14307,6757
TGTAACGTGCGAACAG,6930,3385
TGTAACGTGGCTGAGA,6180,3116
TGTAAGCACAAGTTAG,7645,3667
TGTAAGCTGCCGCAGT,5516,2827
TGTACCCTGAAGACAT,21525,9386
TGTACCCTGTAGCTTG,11007,5224
TGTACGATGATCAGGG,10438,4655
TGTACGATGCAATAGA,2616,1315
TGTACGATGCATCTTT,9356,4346
TGTACGATGCCAGCAC,3128,1606
TGTACTGGAACCTGCG,3375,1756
TGTAGACACCCATAAC,5778,2883
TGTAGACACGCGGTAA,3790,1919
TGTATGCGAAATGCGG,5854,2939
TGTATTCACAATGCGG,8892,4280
TGTATTCACAGCCATT,5034,2490
TGTATTCACATCATGC,8429,4146
TGTATTCACGTCTTGA,10622,5114
TGTCAATCTAAACTGA,6155,2980
TGTCAATCTCGGAAGT,8776,4348
TGTCAATCTGGGTAGT,20178,9408
TGTCATGGAGACATAA,7055,3530
TGTCCCATGAGCTTGT,18284,7845
TGTCGAAACCCAAGTT,9002,4250
TGTCGAAACTTAGAAG,10227,4903
TGTCGCTTGCGGGTAA,5515,2752
TGTCGCTTGGAATTGA,6233,3113
TGTCGCTTGGGTATGG,10097,4626
TGTCGCTTGTGGCTGC,2391,1199
TGTCTGCACGATGGAC,4272,2206
TGTCTGCACTGGTGAG,3810,1984
TGTCTTCCTGGGATTG,9367,4580
TGTCTTCCTTCGGGCT,8827,4250
TGTGACTGAGTTAGGG,15404,7014
TGTGCAATGTTCTGGA,10984,5157
TGTGGCTCTAGTCGGA,8218,4004
TGTGGCTCTCAGGGTA,7400,3723
TGTGGTAACAGTCGGA,8226,3966
TGTGGTAACCCTGCGA,11615,5546
TGTGGTAACCTGGCAC,7423,3778
TGTGGTAACGAGTAAT,5662,2766
TGTGGTAACGCCCAAC,20546,9083
TGTGTAGTGAACGTTC,5531,2707
TGTGTAGTGTATGACC,7978,4007
TGTGTTACTGGGATTG,16115,7626
TGTTAACCTAGTCTAC,11908,5533
TGTTAACCTCCAGGCT,9672,4643
TGTTAACCTCCGTGAC,7440,3649
TGTTAACCTCTCTGGG,6249,3138
TGTTACTACTACCTGA,8508,4321
TGTTACTTGACCTGCG,14647,6473
TGTTACTTGACGTAAA,2854,1487
TGTTACTTGCCGATTA,14141,6526
TGTTATCACCTGATCA,9395,4420
TGTTCCTCTGAAGGTC,2953,1467
TGTTCCTCTTTGACAC,8487,4012
TGTTCTCCTGGACACA,9582,4700
TGTTGACGAGAAACAT,6281,3269
TGTTGACGAGAAGTTA,9709,4644
TGTTTGTTGCGATTCA,13969,6631
TTAAGGAGAAGACTTC,5709,2840
TTAAGGAGACTAACGT,10450,5235
TTACACACTCCATGTA,19092,8923
TTACCATTGACTAGTC,4200,2093
TTACCATTGATGTCCA,7072,3392
TTACCATTGCGATGTT,5040,2512
TTACGTTACAGCTTTG,16410,7684
TTACGTTACCTACTCC,14718,7021
TTACTGGGAAGGACCA,9921,4776
TTACTGGGAATACGCT,864,445
TTACTGGGACGATTCA,7671,3758
TTAGACCGAAAACATG,14031,6376
TTAGACCGACGCCACA,18118,8121
TTAGCCAGAGAATTGA,7573,3758
TTAGCGATGACCTAGT,13449,6833
TTAGCGATGCCTTTGC,8131,4020
TTAGCGATGGCTTACA,20355,8701
TTAGCGATGGGGACTA,14637,7149
TTAGCGATGTTTCTGT,13084,5637
TTATCGACTTAATGCC,13851,6700
TTATGGTCTATGTGGG,12980,5908
TTCAAGCGAGTCCCGA,41279,16000
TTCAAGCGATTGCAGT,5514,2811
TTCAAGTCTTTCTCGC,7164,3193
TTCACGAGATAAGTAG,19199,8661
TTCACGAGATACCAAC,13425,6464
TTCACGCTGAGTCGGA,8645,4380
TTCACGCTGTGACCTA,12738,6144
TTCAGTTACAAGTCTC,10473,5009
TTCAGTTACCAGCACC,10716,5207
TTCAGTTACCTATCTT,6600,3293
TTCAGTTACCTTAGTG,5230,2537
TTCCCAGACATTCGGT,10817,4940
TTCCCAGACCAAGTAA,10046,4869
TTCCCATCTAGCCCTG,22507,9676
TTCCCATCTCTTGTGA,16489,7797
TTCCCATCTTTAGAAG,2117,1097
TTCCCGAACGTCTGGC,9779,4788
TTCCCGAACTATGACC,22596,10020
TTCCCGAACTCTGGGC,14180,6639
TTCCCTGGAAACGCAG,6305,3150
TTCCCTGGAAGATTCC,3762,1977
TTCCCTGGAGAACAGC,13746,6621
TTCCCTGGAGAATTGA,568,298
TTCCCTGGATCTGGAT,16566,7824
TTCCGGACTGAAGGTC,2865,1470
TTCCGTCGAGTACTAC,10311,5076
TTCCTAAACAAGGCCA,15353,7031
TTCCTAAACGCGCACT,11395,5451
TTCCTAAACGGAATTA,12287,5942
TTCCTACCTGGTATGG,10697,5121
TTCGACCACCGCACTG,11278,5303
TTCGACCACCTGATCA,16633,7556
TTCGACCACGAATTGA,18055,8357
TTCGAGAACATCGGTT,6115,3072
TTCGAGAACGTTGACT,6980,3538
TTCGAGAACTTCTGGA,5021,2537
TTCGATGGACCTAGCG,3226,1601
TTCGATGGAGAATGTA,11622,5684
TTCGATGGATGCTACA,6794,3474
TTCGCACTGACAGATA,8218,3964
TTCGCACTGTCCAATG,4298,2233
TTCGTCCGAAGCAGGT,945,501
TTCGTCCGAATCACAC,19470,8643
TTCGTCCGAGCATGAG,1659,861
TTCGTCGTGAAAGTAC,3690,1896
TTCGTCGTGGGACTGA,4236,2177
TTCTAACACCCCGAGT,13803,6501
TTCTAACACCGAAAGC,13674,6491
TTCTAACACGGACACA,8194,4020
TTCTACATGAGACAAT,11768,5792
TTCTACATGCTAACGT,4805,2451
TTCTACATGTCTGGAT,17441,8163
TTCTAGACTGCTGGCT,8751,4137
TTCTAGTACGCGCAAA,13127,6114
TTCTAGTACGCTAATC,8935,4381
TTCTAGTACTTGGTTG,7304,3582
TTCTATGACGGAATAT,9312,4558
TTCTCTCTGAAGGCTG,8704,4123
TTGACAGTGGACATAA,19269,8714
TTGACAGTGTGCACCG,5258,2648
TTGACGTGACCTCAAA,20722,9387
TTGACGTGAGGAATTA,11134,5279
TTGACGTGATTTGGGT,14543,7032
TTGATTCACCAGATTC,9658,4635
TTGATTCACCGTTATG,5692,2799
TTGCAGATGGTCTTGA,17525,7962
TTGCAGATGTTCTGAG,7599,3793
TTGCATTACTCCAATG,16417,7912
TTGCGATGACGATTCA,11374,5326
TTGCGATGATGGCTTA,9629,4795
TTGCGATGATTCGTTT,8489,4141
TTGCGATGATTTCTTG,9257,4543
TTGCGGTCTCAATGAA,8777,4396
TTGCGGTCTTAACCCA,12884,6164
TTGCGGTCTTAAGCAA,7693,3781
TTGCGGTCTTGAGGCA,11272,5424
TTGCGTCACCTCTGGG,5881,2934
TTGCGTCACTTTGGGT,3550,1815
TTGCTAACTACCATGT,9698,4814
TTGCTAACTGTGGTGA,6363,3040
TTGGAGACTACAGATA,15003,6913
TTGGAGACTCATCCTC,11507,5610
TTGGAGACTCGATGGA,67838,24231
TTGGCAAACCAGTCTA,9508,4625
TTGGCAAACGGCCTGT,7268,3638
TTGGCGTCTCTACTCC,15270,7260
TTGGCGTCTCTGAGAG,7782,3864
TTGGCTCTGACACAAA,6980,3398
TTGGGAGGATGAACAA,12338,5627
TTGGGTAACTCGACAT,13412,6249
TTGGTATCTCCTCGTT,9258,4696
TTGGTCCACGTACACT,17639,7963
TTGGTCCACTGTTCCC,13335,6170
TTGTAACCTTGGCAAG,13642,6724
TTGTACTACAACCCGC,4088,2124
TTGTACTACATAGCAA,20967,9559
TTGTACTACCTAACGT,5706,3019
TTGTACTACGTGGTGA,13183,6329
TTGTACTACTCGTACA,7893,3810
TTGTCAACTATCCTCC,10458,5171
TTGTCAACTCAGCACC,5045,2460
TTGTCCCGAAAGACAT,7215,3740
TTGTCCCGAAGCCATT,4395,2253
TTGTCCCGACATACTG,6752,3450
TTGTCGAGACTGGCAC,3296,1781
TTGTCGAGATGCTCAA,15233,7255
TTGTGCCTGATTAAGG,20448,9094
TTGTGCCTGTCGCTAA,15699,7435
TTGTGCGCTAGAGGCT,8574,4404
TTGTGCGCTCCAAACT,13379,6365
TTGTGCGCTCTCATTT,1556,774
TTGTGCGCTTGGTCCG,5614,2811
TTGTGGTGACTGTACA,20498,9309
TTGTGGTGAGAGAGGG,13913,6259
TTGTGGTGATCCAATG,11019,5483
TTGTTAGCTGCCACGT,2852,1458
TTGTTAGCTTCCCGTT,2369,1270
TTGTTTGTGCGAAGCA,11062,5103
TTGTTTGTGCGGGTAA,10573,5167
TTGTTTGTGGGACCAA,26456,11428
TTGTTTGTGTTGCGCG,28195,12239
TTTAAGCCTTGAGTAA,13429,6260
TTTACCAACAGTCTGT,9876,4749
TTTACCAACCCTACGG,9337,4567
TTTACCATGAGGACCA,13870,6620
TTTACCATGAGTGGTG,13233,6598
TTTACCATGATGTCAC,6371,3169
TTTACGTACCTGAGAG,4599,2329
TTTACGTACGTACTAC,8759,4312
TTTAGGGACCGGGTAA,17635,8278
TTTAGGGACGAGTGAC,10955,5256
TTTAGGGACTCTTTGT,21344,9537
TTTAGGGACTTGTTTC,8592,4124
TTTAGTCTGTGGTCCG,16852,7680
TTTATCCGAAGGACCA,52440,20737
TTTATCCGATGACTCA,19553,8637
TTTCATCGACGCTCGA,5291,2693
TTTCATCGATCCAATG,7018,3417
TTTCGCTCTAGCGCTC,20264,9354
TTTCGCTCTTTGACAC,8852,4409
TTTCGTAACGGGTTCC,4216,2131
TTTCTCGCTCGTTCTC,7800,3928
TTTCTGAACAACGTTC,6858,3444
TTTCTGAACGACATAA,11341,5452
TTTCTGAACTAGGTTC,7326,3549
TTTCTGATGCTTCAAG,12832,6168
TTTCTGATGGTCTGGC,9962,4759
TTTGACGGAACAGGTG,2871,1464
TTTGACGGACGATTGT,21335,9344
TTTGCGGCTAGTCTGT,3215,1607
TTTGCGGCTGCCCAAC,2438,1260
TTTGGGAACCCATAAC,5790,2944
TTTGGGAACTTGGTTG,5478,2700
TTTGGGATGAGCTGAG,13673,6173
TTTGGGATGATTAAGG,45714,17367
TTTGGGATGCGTAGAG,12615,5833
TTTGGGATGCTGGAAG,7693,3799
TTTGGGATGGGAATTA,7316,3522
